,Unnamed: 0,sector,name,x,y,loc
0,0,"Sector 1, IMT Manesar, Gurugram, Haryana, India",Imt Chowk,28.3624,76.94042900000002,"[28.3624,76.94042900000002]"
1,1,"Sector 1, IMT Manesar, Gurugram, Haryana, India",I.M.T. Chowk,28.36191599999999,76.94083499999998,"[28.36191599999999,76.94083499999998]"
2,2,"Sector 1, IMT Manesar, Gurugram, Haryana, India",IMT Chowk Bus Stop,28.361441100000004,76.94011239999998,"[28.361441100000004,76.94011239999998]"
3,3,"Sector 1, IMT Manesar, Gurugram, Haryana, India",Amrapali,28.36194,76.93520699999998,"[28.36194,76.93520699999998]"
4,4,"Sector 1, IMT Manesar, Gurugram, Haryana, India",Amrapali,28.361749,76.934816,"[28.361749,76.934816]"
5,5,"Sector 1, IMT Manesar, Gurugram, Haryana, India",Honda,28.362292,76.934026,"[28.362292,76.934026]"
6,6,"Sector 1, IMT Manesar, Gurugram, Haryana, India",Honda,28.362081,76.93372699999998,"[28.362081,76.93372699999998]"
7,7,"Sector 1, IMT Manesar, Gurugram, Haryana, India",Naharpur,28.37779999999999,76.938441,"[28.37779999999999,76.938441]"
8,8,"Sector 1, IMT Manesar, Gurugram, Haryana, India",Naharpur,28.378248,76.938553,"[28.378248,76.938553]"
9,9,"Sector 1, IMT Manesar, Gurugram, Haryana, India",Manesar Bus Stop,28.354726,76.9375455,"[28.354726,76.9375455]"
10,10,"Sector 1, IMT Manesar, Gurugram, Haryana, India",Denso Chowk,28.365033,76.925229,"[28.365033,76.925229]"
11,11,"Sector 1, IMT Manesar, Gurugram, Haryana, India",Denso Chowk,28.364802,76.9249,"[28.364802,76.9249]"
12,12,"Sector 1, IMT Manesar, Gurugram, Haryana, India",Rampura Chowk,28.379205300000002,76.9622498,"[28.379205300000002,76.9622498]"
13,13,"Sector 1, IMT Manesar, Gurugram, Haryana, India",Rampura Chowk,28.37965299999999,76.962006,"[28.37965299999999,76.962006]"
14,14,"Sector 1, IMT Manesar, Gurugram, Haryana, India",Petrol Pump,28.365116999999998,76.91844999999998,"[28.365116999999998,76.91844999999998]"
15,15,"Sector 1, IMT Manesar, Gurugram, Haryana, India",Petrol Pump,28.364884000000004,76.918042,"[28.364884000000004,76.918042]"
16,16,"Sector 1, IMT Manesar, Gurugram, Haryana, India",Nawada Fatehpur,28.390990999999996,76.93852700000001,"[28.390990999999996,76.93852700000001]"
17,17,"Sector 1, IMT Manesar, Gurugram, Haryana, India",Nawada Fatehpur,28.391334999999998,76.9384,"[28.391334999999998,76.9384]"
18,18,"Sector 1, IMT Manesar, Gurugram, Haryana, India",Sikohpur Mor Sector 78,28.3830137,76.96952259999998,"[28.3830137,76.96952259999998]"
19,19,"Sector 1, IMT Manesar, Gurugram, Haryana, India",Shikohpur More Bus Stop,28.383211100000004,76.9700593,"[28.383211100000004,76.9700593]"
20,20,"Sector 2, Palam Vihar, Gurugram, Haryana 122017, India",Palam Vihar,28.515096999999997,77.034469,"[28.515096999999997,77.034469]"
21,21,"Sector 2, Palam Vihar, Gurugram, Haryana 122017, India",Dharam Colony,28.503569,77.034432,"[28.503569,77.034432]"
22,22,"Sector 2, Palam Vihar, Gurugram, Haryana 122017, India",Carterpuri Village,28.506876000000002,77.03887999999998,"[28.506876000000002,77.03887999999998]"
23,23,"Sector 2, Palam Vihar, Gurugram, Haryana 122017, India",Carterpuri Village,28.506544,77.038765,"[28.506544,77.038765]"
24,24,"Sector 2, Palam Vihar, Gurugram, Haryana 122017, India",Dharam Colony,28.503457,77.035269,"[28.503457,77.035269]"
25,25,"Sector 2, Palam Vihar, Gurugram, Haryana 122017, India",Krishna Chowk Palm Vihar,28.50253,77.029291,"[28.50253,77.029291]"
26,26,"Sector 2, Palam Vihar, Gurugram, Haryana 122017, India",Kirshna Chowk Temple Palam Vihar,28.502203100000003,77.0289888,"[28.502203100000003,77.0289888]"
27,27,"Sector 2, Palam Vihar, Gurugram, Haryana 122017, India",Columbia Asia Hospital,28.509396000000002,77.040944,"[28.509396000000002,77.040944]"
28,28,"Sector 2, Palam Vihar, Gurugram, Haryana 122017, India",Columbia Asia Hospital,28.509168,77.041016,"[28.509168,77.041016]"
29,29,"Sector 2, Palam Vihar, Gurugram, Haryana 122017, India",Krishna Chowk Temple,28.50201,77.028657,"[28.50201,77.028657]"
30,30,"Sector 2, Palam Vihar, Gurugram, Haryana 122017, India",Krishna Chowk Temple,28.50155,77.028313,"[28.50155,77.028313]"
31,31,"Sector 2, Palam Vihar, Gurugram, Haryana 122017, India",Ansal Plaza,28.5098076,77.04251099999998,"[28.5098076,77.04251099999998]"
32,32,"Sector 2, Palam Vihar, Gurugram, Haryana 122017, India",Major Sushil Aima Marg / Rezangla Chowk,28.509729999999998,77.04260500000001,"[28.509729999999998,77.04260500000001]"
33,33,"Sector 2, Palam Vihar, Gurugram, Haryana 122017, India",Ansal Plaza Palam Vihar,28.509907399999996,77.0426663,"[28.509907399999996,77.0426663]"
34,34,"Sector 2, Palam Vihar, Gurugram, Haryana 122017, India",Major Sushil Aima Marg / Rezangla Chowk,28.509877000000003,77.042748,"[28.509877000000003,77.042748]"
35,35,"Sector 2, Palam Vihar, Gurugram, Haryana 122017, India",New Palam Vihar Phase 2,28.516785,77.02425500000001,"[28.516785,77.02425500000001]"
36,36,"Sector 2, Palam Vihar, Gurugram, Haryana 122017, India",New Palam Vihar Phase 2,28.517715999999997,77.023787,"[28.517715999999997,77.023787]"
37,37,"Sector 2, Palam Vihar, Gurugram, Haryana 122017, India",Major Sushil Aima Marg / Sector 23 Gate No 3/23 A,28.509053,77.044653,"[28.509053,77.044653]"
38,38,"Sector 2, Palam Vihar, Gurugram, Haryana 122017, India",Major Sushil Aima Marg / Sector 23 Gate No 3/23 A,28.508938,77.04543699999998,"[28.508938,77.04543699999998]"
39,39,"Sector 2, Palam Vihar, Gurugram, Haryana 122017, India",Major Sushil Aima Marg / Sector 23 Gate No 2/23 A,28.507959000000003,77.04782900000001,"[28.507959000000003,77.04782900000001]"
40,40,"Sector 3, Gurugram, Haryana, India",Ashok Vihar Phase 3 Extension,28.494451,77.020484,"[28.494451,77.020484]"
41,41,"Sector 3, Gurugram, Haryana, India",Ashok Vihar Phase 3 Extension,28.494615000000003,77.020397,"[28.494615000000003,77.020397]"
42,42,"Sector 3, Gurugram, Haryana, India",Sector 5 Chowk,28.4848,77.0184,"[28.4848,77.0184]"
43,43,"Sector 3, Gurugram, Haryana, India",Sector 5 Chowk,28.484296999999998,77.01820500000001,"[28.484296999999998,77.01820500000001]"
44,44,"Sector 3, Gurugram, Haryana, India",Daulatabad Flyover,28.485215999999998,77.01173700000002,"[28.485215999999998,77.01173700000002]"
45,45,"Sector 3, Gurugram, Haryana, India",Apna Enclave,28.484146000000003,77.01317999999998,"[28.484146000000003,77.01317999999998]"
46,46,"Sector 3, Gurugram, Haryana, India",Park View Residency,28.497359000000003,77.022736,"[28.497359000000003,77.022736]"
47,47,"Sector 3, Gurugram, Haryana, India",Daulatabad,28.48503,77.011403,"[28.48503,77.011403]"
48,48,"Sector 3, Gurugram, Haryana, India",Apna Enclave,28.48380000000001,77.01303500000002,"[28.48380000000001,77.01303500000002]"
49,49,"Sector 3, Gurugram, Haryana, India",Park View Residency,28.497734,77.02281500000001,"[28.497734,77.02281500000001]"
50,50,"Sector 3, Gurugram, Haryana, India",Baba Prakash Puri Chowk B,28.481793,77.016526,"[28.481793,77.016526]"
51,51,"Sector 3, Gurugram, Haryana, India",Gurugram Railway Station,28.485549,77.00874499999998,"[28.485549,77.00874499999998]"
52,52,"Sector 3, Gurugram, Haryana, India",Gurugram Railway Station,28.485443,77.008676,"[28.485443,77.008676]"
53,53,"Sector 3, Gurugram, Haryana, India",Sector 5 Ramleela Ground,28.482215999999998,77.022325,"[28.482215999999998,77.022325]"
54,54,"Sector 3, Gurugram, Haryana, India",Sector 5 Ramleela Ground,28.4822,77.0226,"[28.4822,77.0226]"
55,55,"Sector 3, Gurugram, Haryana, India",Laxman Vihar / Sneh Hospital,28.481278999999997,77.014183,"[28.481278999999997,77.014183]"
56,56,"Sector 3, Gurugram, Haryana, India",Junction Bus Stop,28.48109769999999,77.0144445,"[28.48109769999999,77.0144445]"
57,57,"Sector 3, Gurugram, Haryana, India",Sector 5 / Prakashpuri Chowk,28.480115100000003,77.0149572,"[28.480115100000003,77.0149572]"
58,58,"Sector 3, Gurugram, Haryana, India",Baba Prakash Puri Chowk A,28.480318,77.01366,"[28.480318,77.01366]"
59,59,"Sector 3, Gurugram, Haryana, India",Sector 5 / Prakashpuri Chowk,28.479875,77.01481299999998,"[28.479875,77.01481299999998]"
60,60,"Sector 4, Gurugram, Haryana 122001, India",Chintpurni Mandir,28.477396999999996,77.015923,"[28.477396999999996,77.015923]"
61,61,"Sector 4, Gurugram, Haryana 122001, India",Vishwakarma Chowk,28.4740934,77.01751449999998,"[28.4740934,77.01751449999998]"
62,62,"Sector 4, Gurugram, Haryana 122001, India",Chintpurni Mandir,28.477265999999997,77.01624,"[28.477265999999997,77.01624]"
63,63,"Sector 4, Gurugram, Haryana 122001, India",Vishwakarma Chowk,28.474224,77.01772,"[28.474224,77.01772]"
64,64,"Sector 4, Gurugram, Haryana 122001, India",Laxman Vihar,28.478151,77.00739200000001,"[28.478151,77.00739200000001]"
65,65,"Sector 4, Gurugram, Haryana 122001, India",Laxman Vihar,28.478359,77.007498,"[28.478359,77.007498]"
66,66,"Sector 4, Gurugram, Haryana 122001, India",Vishwakarma Chowk,28.473378999999998,77.018478,"[28.473378999999998,77.018478]"
67,67,"Sector 4, Gurugram, Haryana 122001, India",Vishwakarma Chowk,28.4735277,77.0185395,"[28.4735277,77.0185395]"
70,70,"Sector 4, Gurugram, Haryana 122001, India",Sector 4 Police Station,28.472419,77.00399499999999,"[28.472419,77.00399499999999]"
72,72,"Sector 4, Gurugram, Haryana 122001, India",Sector 4 Police Station,28.47260000000001,77.0038,"[28.47260000000001,77.0038]"
75,75,"Sector 4, Gurugram, Haryana 122001, India",Surya Vihar,28.47679999999999,77.0031,"[28.47679999999999,77.0031]"
76,76,"Sector 4, Gurugram, Haryana 122001, India",Firoz Gandhi Colony 2,28.468714000000002,77.004768,"[28.468714000000002,77.004768]"
77,77,"Sector 4, Gurugram, Haryana 122001, India",Surya Vihar,28.476615000000002,77.002943,"[28.476615000000002,77.002943]"
100,100,"Sector 6, Gurugram, Haryana 122001, India",Bhimnagar,28.469920000000002,77.023578,"[28.469920000000002,77.023578]"
101,101,"Sector 6, Gurugram, Haryana 122001, India",Bhimnagar,28.469716,77.023512,"[28.469716,77.023512]"
102,102,"Sector 6, Gurugram, Haryana 122001, India",Sheetla Mata Mandir (B),28.479983,77.027562,"[28.479983,77.027562]"
103,103,"Sector 6, Gurugram, Haryana 122001, India",Sheetla Mata Mandir (B),28.4801,77.0278,"[28.4801,77.0278]"
104,104,"Sector 6, Gurugram, Haryana 122001, India",Sheetla Mata Mandir (A),28.478934000000002,77.031508,"[28.478934000000002,77.031508]"
105,105,"Sector 6, Gurugram, Haryana 122001, India",Sheetla Mata Mandir (A),28.479189,77.031363,"[28.479189,77.031363]"
108,108,"Sector 6, Gurugram, Haryana 122001, India",Rajeev Nagar,28.473646000000002,77.03438,"[28.473646000000002,77.03438]"
109,109,"Sector 6, Gurugram, Haryana 122001, India",Miyan Wali Colony,28.467271000000004,77.027225,"[28.467271000000004,77.027225]"
110,110,"Sector 6, Gurugram, Haryana 122001, India",Ravi Nagar,28.47336989999999,77.0345801,"[28.47336989999999,77.0345801]"
112,112,"Sector 6, Gurugram, Haryana 122001, India",Miyan Wali Colony,28.466971,77.027272,"[28.466971,77.027272]"
114,114,"Sector 6, Gurugram, Haryana 122001, India",Sector 12 Chowk,28.470093,77.033959,"[28.470093,77.033959]"
115,115,"Sector 6, Gurugram, Haryana 122001, India",Sector 12 Chowk,28.470131,77.034217,"[28.470131,77.034217]"
118,118,"Sector 6, Gurugram, Haryana 122001, India",CRPF Camp Chowk,28.47859699999999,77.034671,"[28.47859699999999,77.034671]"
119,119,"Sector 6, Gurugram, Haryana 122001, India",CRPF Camp Chowk,28.478414,77.034871,"[28.478414,77.034871]"
121,121,"Sector 7, Gurugram, Haryana 122001, India",Sector 9 ESIC Hospital,28.4674732,77.0009594,"[28.4674732,77.0009594]"
124,124,"Sector 7, Gurugram, Haryana 122001, India",Sector 9/9A,28.4657,76.9957,"[28.4657,76.9957]"
125,125,"Sector 7, Gurugram, Haryana 122001, India",Sector 9/9A,28.4653,76.99511600000001,"[28.4653,76.99511600000001]"
128,128,"Sector 7, Gurugram, Haryana 122001, India",Junction Bus Stop,28.456967300000002,77.01583120000001,"[28.456967300000002,77.01583120000001]"
131,131,"Sector 7, Gurugram, Haryana 122001, India",Pataudi Chowk,28.456992,77.016855,"[28.456992,77.016855]"
134,134,"Sector 7, Gurugram, Haryana 122001, India",Pataudi Chowk,28.4568428,77.01681640000001,"[28.4568428,77.01681640000001]"
137,137,"Sector 7, Gurugram, Haryana 122001, India",Shakti Nagar,28.454029,77.013374,"[28.454029,77.013374]"
138,138,"Sector 7, Gurugram, Haryana 122001, India",Shiv Nagar,28.452946,77.009351,"[28.452946,77.009351]"
139,139,"Sector 7, Gurugram, Haryana 122001, India",Shakti Nagar,28.45413,77.013848,"[28.45413,77.013848]"
140,140,"Sector 8, IMT Manesar, Gurugram, Haryana, India",Alimar More,28.372263,76.896299,"[28.372263,76.896299]"
141,141,"Sector 8, IMT Manesar, Gurugram, Haryana, India",Alimar More,28.372106,76.896558,"[28.372106,76.896558]"
142,142,"Sector 8, IMT Manesar, Gurugram, Haryana, India",Maruti Gate Number 1,28.369273,76.89462999999998,"[28.369273,76.89462999999998]"
143,143,"Sector 8, IMT Manesar, Gurugram, Haryana, India",Maruti Gate Number 1,28.36903,76.894539,"[28.36903,76.894539]"
144,144,"Sector 8, IMT Manesar, Gurugram, Haryana, India",Maruti Gate Number 2,28.369321000000003,76.890513,"[28.369321000000003,76.890513]"
145,145,"Sector 8, IMT Manesar, Gurugram, Haryana, India",Maruti Gate Number 2,28.36908,76.88989000000001,"[28.36908,76.88989000000001]"
146,146,"Sector 8, IMT Manesar, Gurugram, Haryana, India",Maruti Suzuki,28.368771999999996,76.904639,"[28.368771999999996,76.904639]"
147,147,"Sector 8, IMT Manesar, Gurugram, Haryana, India",Maruti Suzuki,28.368256,76.90492900000001,"[28.368256,76.90492900000001]"
148,148,"Sector 8, IMT Manesar, Gurugram, Haryana, India",Bans More,28.36525199999999,76.904816,"[28.36525199999999,76.904816]"
149,149,"Sector 8, IMT Manesar, Gurugram, Haryana, India",Bans More,28.364988,76.904761,"[28.364988,76.904761]"
150,150,"Sector 8, IMT Manesar, Gurugram, Haryana, India",Maruti Gate Number 3,28.369428000000003,76.884248,"[28.369428000000003,76.884248]"
151,151,"Sector 8, IMT Manesar, Gurugram, Haryana, India",Maruti Gate Number 3,28.369181,76.88369200000001,"[28.369181,76.88369200000001]"
152,152,"Sector 8, IMT Manesar, Gurugram, Haryana, India",Kasan,28.36165,76.904837,"[28.36165,76.904837]"
153,153,"Sector 8, IMT Manesar, Gurugram, Haryana, India",Kasan,28.361302000000002,76.9046,"[28.361302000000002,76.9046]"
154,154,"Sector 8, IMT Manesar, Gurugram, Haryana, India",Maruti Gate Number 4,28.369202,76.879345,"[28.369202,76.879345]"
155,155,"Sector 8, IMT Manesar, Gurugram, Haryana, India",Sarita Honda,28.364958,76.912561,"[28.364958,76.912561]"
156,156,"Sector 8, IMT Manesar, Gurugram, Haryana, India",Sarita Honda,28.365177000000003,76.91351,"[28.365177000000003,76.91351]"
164,164,"Sector 9, Gurugram, Haryana 122001, India",Bhawani Enclave,28.4602,76.9911,"[28.4602,76.9911]"
165,165,"Sector 9, Gurugram, Haryana 122001, India",Bhawani Enclave,28.46060000000001,76.99090000000002,"[28.46060000000001,76.99090000000002]"
166,166,"Sector 9, Gurugram, Haryana 122001, India",Basai Talab,28.4627,76.99029999999998,"[28.4627,76.99029999999998]"
167,167,"Sector 9, Gurugram, Haryana 122001, India",Basai Talab,28.462714000000002,76.99010799999998,"[28.462714000000002,76.99010799999998]"
170,170,"Sector 9, Gurugram, Haryana 122001, India",Basai Chowk,28.4581,76.9904,"[28.4581,76.9904]"
171,171,"Sector 9, Gurugram, Haryana 122001, India",Basai Chowk,28.4579,76.9904,"[28.4579,76.9904]"
172,172,"Sector 9, Gurugram, Haryana 122001, India",Kadipur Chowk,28.4511815,77.004829,"[28.4511815,77.004829]"
174,174,"Sector 9, Gurugram, Haryana 122001, India",Kadipur Village / Sector-10,28.451040999999996,77.00500699999998,"[28.451040999999996,77.00500699999998]"
175,175,"Sector 9, Gurugram, Haryana 122001, India",Shiv Nagar,28.45287099999999,77.009974,"[28.45287099999999,77.009974]"
176,176,"Sector 9, Gurugram, Haryana 122001, India",Basai Chowk,28.4573886,76.9894946,"[28.4573886,76.9894946]"
184,184,"Sector 10, Gurugram, Haryana 122001, India",Kadipur Chowk / Sector-10A,28.448793,76.998133,"[28.448793,76.998133]"
185,185,"Sector 10, Gurugram, Haryana 122001, India",Kadipur Chowk / Sector-10A,28.4486652,76.99830340000001,"[28.4486652,76.99830340000001]"
188,188,"Sector 10, Gurugram, Haryana 122001, India",Saraswati Enclave,28.4463,76.99849999999998,"[28.4463,76.99849999999998]"
189,189,"Sector 10, Gurugram, Haryana 122001, India",Saraswati Enclave,28.4462,76.9983,"[28.4462,76.9983]"
197,197,"Sector 10, Gurugram, Haryana 122001, India",Sector 10A/37,28.4431,77.0005,"[28.4431,77.0005]"
200,200,"Sector 11, Gurugram, Haryana 122001, India",Secretariat Office,28.455245,77.0291,"[28.455245,77.0291]"
201,201,"Sector 11, Gurugram, Haryana 122001, India",Bhuteshwar Mandir Chowk,28.4571472,77.023241,"[28.4571472,77.023241]"
202,202,"Sector 11, Gurugram, Haryana 122001, India",Naharpur Rupa Village NH 8,28.448428000000003,77.02409999999998,"[28.448428000000003,77.02409999999998]"
203,203,"Sector 11, Gurugram, Haryana 122001, India",Rama Hospital Bus Stop,28.457283299999997,77.0234728,"[28.457283299999997,77.0234728]"
204,204,"Sector 11, Gurugram, Haryana 122001, India",Bhuteshwar Mandir Chowk,28.457335200000003,77.023326,"[28.457335200000003,77.023326]"
205,205,"Sector 11, Gurugram, Haryana 122001, India",Commissioner of Police,28.455181,77.029371,"[28.455181,77.029371]"
206,206,"Sector 11, Gurugram, Haryana 122001, India",Sohna Chowk,28.457290999999998,77.027006,"[28.457290999999998,77.027006]"
207,207,"Sector 11, Gurugram, Haryana 122001, India",Sohna Chowk,28.457290000000004,77.027108,"[28.457290000000004,77.027108]"
208,208,"Sector 11, Gurugram, Haryana 122001, India",Naharpur Rupa Village NH 8,28.44792,77.02394799999998,"[28.44792,77.02394799999998]"
209,209,"Sector 11, Gurugram, Haryana 122001, India",Secretariat,28.45171199999999,77.03104300000001,"[28.45171199999999,77.03104300000001]"
210,210,"Sector 11, Gurugram, Haryana 122001, India",Gurgaon Rajiv Chowk,28.447368599999997,77.0261079,"[28.447368599999997,77.0261079]"
211,211,"Sector 11, Gurugram, Haryana 122001, India",Secretariat,28.451228000000004,77.03094999999998,"[28.451228000000004,77.03094999999998]"
212,212,"Sector 11, Gurugram, Haryana 122001, India",Veer Nagar,28.456840999999997,77.01928699999998,"[28.456840999999997,77.01928699999998]"
213,213,"Sector 11, Gurugram, Haryana 122001, India",Rajiv Chowk Gurgaon,28.450557,77.031399,"[28.450557,77.031399]"
214,214,"Sector 11, Gurugram, Haryana 122001, India",Veer Nagar,28.456984000000002,77.01918900000003,"[28.456984000000002,77.01918900000003]"
215,215,"Sector 11, Gurugram, Haryana 122001, India",Kamla Nehru Park,28.458644,77.02938,"[28.458644,77.02938]"
218,218,"Sector 11, Gurugram, Haryana 122001, India",Kamla Nehru Park,28.459234999999996,77.03101199999998,"[28.459234999999996,77.03101199999998]"
219,219,"Sector 11, Gurugram, Haryana 122001, India",Gurudwara Chowk,28.459428999999997,77.03084600000003,"[28.459428999999997,77.03084600000003]"
230,230,"Sector 12, Gurugram, Haryana 122001, India",Kendriya Vidyalaya,28.470945,77.03981300000002,"[28.470945,77.03981300000002]"
231,231,"Sector 12, Gurugram, Haryana 122001, India",Kendriya Vidyalaya,28.470913,77.04003,"[28.470913,77.04003]"
232,232,"Sector 12, Gurugram, Haryana 122001, India",BSNL Exchange Sector-12,28.468414000000003,77.037564,"[28.468414000000003,77.037564]"
233,233,"Sector 12, Gurugram, Haryana 122001, India",BSNL Exchange,28.468501,77.03786199999998,"[28.468501,77.03786199999998]"
234,234,"Sector 12, Gurugram, Haryana 122001, India",Sanjay Gram,28.4799,77.0405,"[28.4799,77.0405]"
235,235,"Sector 12, Gurugram, Haryana 122001, India",BSNL Exchange Sector-12,28.46704,77.036551,"[28.46704,77.036551]"
236,236,"Sector 12, Gurugram, Haryana 122001, India",Gurgaon Bus Stand,28.4662196,77.0329665,"[28.4662196,77.0329665]"
237,237,"Sector 12, Gurugram, Haryana 122001, India",Sanjay Gram,28.4798,77.04079999999998,"[28.4798,77.04079999999998]"
240,240,"Sector 13, Gurugram, Haryana 122022, India",Old DLF Airforce School,28.474649,77.04330399999998,"[28.474649,77.04330399999998]"
241,241,"Sector 13, Gurugram, Haryana 122022, India",Sanjay Gram / Sector-14,28.475594,77.04378,"[28.475594,77.04378]"
242,242,"Sector 13, Gurugram, Haryana 122022, India",Sanjay Gram / Sector-14,28.475571999999996,77.04409,"[28.475571999999996,77.04409]"
245,245,"Sector 13, Gurugram, Haryana 122022, India",Huda Office,28.477149,77.04525100000001,"[28.477149,77.04525100000001]"
246,246,"Sector 13, Gurugram, Haryana 122022, India",Huda Office,28.47733999999999,77.045666,"[28.47733999999999,77.045666]"
249,249,"Sector 13, Gurugram, Haryana 122022, India",Patthar Market,28.48077700000001,77.04362499999998,"[28.48077700000001,77.04362499999998]"
251,251,"Sector 13, Gurugram, Haryana 122022, India",Patthar Market,28.480999999999998,77.04379999999998,"[28.480999999999998,77.04379999999998]"
255,255,"Sector 13, Gurugram, Haryana 122022, India",Apollo Bus Stop,28.478669300000004,77.0467865,"[28.478669300000004,77.0467865]"
256,256,"Sector 13, Gurugram, Haryana 122022, India",Payal Cinema,28.479135999999997,77.04691500000001,"[28.479135999999997,77.04691500000001]"
257,257,"Sector 13, Gurugram, Haryana 122022, India",Lt. Atul Kataria Chowk (B),28.480132,77.047822,"[28.480132,77.047822]"
258,258,"Sector 13, Gurugram, Haryana 122022, India",Lt. Atul Kataria Chowk (B),28.480068,77.0480566,"[28.480068,77.0480566]"
260,260,"Sector 14, Gurugram, Haryana 122022, India",ITI Staff Colony,28.470083000000002,77.046747,"[28.470083000000002,77.046747]"
261,261,"Sector 14, Gurugram, Haryana 122022, India",ITI Staff Colony,28.469609000000002,77.04628199999998,"[28.469609000000002,77.04628199999998]"
262,262,"Sector 14, Gurugram, Haryana 122022, India",Government Girls Collage / Kalyani Hospital,28.468093,77.043525,"[28.468093,77.043525]"
265,265,"Sector 14, Gurugram, Haryana 122022, India",Subash Chandra Park,28.472272999999998,77.052094,"[28.472272999999998,77.052094]"
267,267,"Sector 14, Gurugram, Haryana 122022, India",Government Girls Collage / Kalyani Hospital,28.466964,77.04189000000001,"[28.466964,77.04189000000001]"
269,269,"Sector 14, Gurugram, Haryana 122022, India",Maharana Pratap Chowk,28.472114899999998,77.05261019999998,"[28.472114899999998,77.05261019999998]"
273,273,"Sector 14, Gurugram, Haryana 122022, India",Parel Nagar State Bank,28.4657,77.03961799999998,"[28.4657,77.03961799999998]"
276,276,"Sector 14, Gurugram, Haryana 122022, India",HUDA Bus Stop,28.474387800000002,77.05453279999998,"[28.474387800000002,77.05453279999998]"
278,278,"Sector 14, Gurugram, Haryana 122022, India",Ghoda Chowk (drop),28.4737778,77.05509909999998,"[28.4737778,77.05509909999998]"
280,280,"Sector 15, Gurugram, Haryana 122022, India",Park Centra (opposite Star Mall Service Lane ),28.4614418,77.0505738,"[28.4614418,77.0505738]"
281,281,"Sector 15, Gurugram, Haryana 122022, India",Park Centra (near Star Mall),28.4615243,77.0513436,"[28.4615243,77.0513436]"
282,282,"Sector 15, Gurugram, Haryana 122022, India",Park Centra (near Star Mall),28.461146999999997,77.05168689999998,"[28.461146999999997,77.05168689999998]"
286,286,"Sector 15, Gurugram, Haryana 122022, India",Hotel Farm Bus Stop,28.4654185,77.03886870000001,"[28.4654185,77.03886870000001]"
293,293,"Sector 15, Gurugram, Haryana 122022, India",Mahaveer Chowk,28.464271999999998,77.034725,"[28.464271999999998,77.034725]"
295,295,"Sector 15, Gurugram, Haryana 122022, India",Mahaveer Chowk,28.464934000000003,77.034643,"[28.464934000000003,77.034643]"
296,296,"Sector 15, Gurugram, Haryana 122022, India",Mahaver Chowk / Gaushala Road,28.4636417,77.03430759999998,"[28.4636417,77.03430759999998]"
298,298,"Sector 15, Gurugram, Haryana 122022, India",Jharsa Chowk - Tantia Travels,28.451313,77.042451,"[28.451313,77.042451]"
302,302,"Sector 16, Gurugram, Haryana 122007, India",Cross Roads Bus Stop,28.4695401,77.05716129999998,"[28.4695401,77.05716129999998]"
303,303,"Sector 16, Gurugram, Haryana 122007, India",Rao Tula Ram Chowk,28.470337,77.057135,"[28.470337,77.057135]"
304,304,"Sector 16, Gurugram, Haryana 122007, India",Gurgaon,28.4688192,77.05759429999998,"[28.4688192,77.05759429999998]"
306,306,"Sector 16, Gurugram, Haryana 122007, India",Management Development Institution,28.472165999999998,77.05630599999998,"[28.472165999999998,77.05630599999998]"
308,308,"Sector 16, Gurugram, Haryana 122007, India",Management Development Institution,28.472990000000003,77.055947,"[28.472990000000003,77.055947]"
310,310,"Sector 16, Gurugram, Haryana 122007, India",Ghoda Chowk,28.4737778,77.0553513,"[28.4737778,77.0553513]"
311,311,"Sector 16, Gurugram, Haryana 122007, India",Hotel Crown Plaza,28.467471999999997,77.059221,"[28.467471999999997,77.059221]"
313,313,"Sector 16, Gurugram, Haryana 122007, India",Gurgaon Bus Stand,28.473927000000003,77.05576020000001,"[28.473927000000003,77.05576020000001]"
314,314,"Sector 16, Gurugram, Haryana 122007, India",Hotel Crown Plaza,28.46754400000001,77.05948599999998,"[28.46754400000001,77.05948599999998]"
315,315,"Sector 16, Gurugram, Haryana 122007, India",Crown Bus Stop,28.467286100000003,77.05985969999998,"[28.467286100000003,77.05985969999998]"
320,320,"Sector 17, Gurugram, Haryana 122022, India",Mother Dairy Sector 17 A,28.4791169,77.06088470000002,"[28.4791169,77.06088470000002]"
321,321,"Sector 17, Gurugram, Haryana 122022, India",Sukhrali Sec-17C,28.47513500000001,77.05921699999998,"[28.47513500000001,77.05921699999998]"
322,322,"Sector 17, Gurugram, Haryana 122022, India",City Bank Atm Sector 17,28.476497700000003,77.06299589999998,"[28.476497700000003,77.06299589999998]"
323,323,"Sector 17, Gurugram, Haryana 122022, India",Sukhrali,28.4764,77.063007,"[28.4764,77.063007]"
324,324,"Sector 17, Gurugram, Haryana 122022, India",Sukhrali,28.476568,77.06318999999998,"[28.476568,77.06318999999998]"
329,329,"Sector 17, Gurugram, Haryana 122022, India",Sector 17B/18,28.482171,77.06594299999998,"[28.482171,77.06594299999998]"
330,330,"Sector 17, Gurugram, Haryana 122022, India",Lic,28.4824728,77.06578540000001,"[28.4824728,77.06578540000001]"
331,331,"Sector 17, Gurugram, Haryana 122022, India",Lic,28.48262639999999,77.065691,"[28.48262639999999,77.065691]"
333,333,"Sector 17, Gurugram, Haryana 122022, India",Iffco Chowk (drop),28.4765512,77.0669028,"[28.4765512,77.0669028]"
335,335,"Sector 17, Gurugram, Haryana 122022, India",Sector 17B/18,28.4868,77.0595,"[28.4868,77.0595]"
336,336,"Sector 17, Gurugram, Haryana 122022, India",Iffco Chowk Bus Stop,28.477462199999998,77.06849100000001,"[28.477462199999998,77.06849100000001]"
337,337,"Sector 17, Gurugram, Haryana 122022, India",State Bank Of India,28.484796399999997,77.0663328,"[28.484796399999997,77.0663328]"
338,338,"Sector 17, Gurugram, Haryana 122022, India",State Bank Of India,28.48487129999999,77.0663725,"[28.48487129999999,77.0663725]"
339,339,"Sector 17, Gurugram, Haryana 122022, India",Iffco Chowk,28.4773655,77.06873320000001,"[28.4773655,77.06873320000001]"
340,340,"Sector 18, Gurugram, Haryana 122022, India",Honda,28.48936369999999,77.0663397,"[28.48936369999999,77.0663397]"
341,341,"Sector 18, Gurugram, Haryana 122022, India",Maruti Udyog Gate 1,28.497573,77.063385,"[28.497573,77.063385]"
342,342,"Sector 18, Gurugram, Haryana 122022, India",Honda,28.489073200000004,77.0662459,"[28.489073200000004,77.0662459]"
343,343,"Sector 18, Gurugram, Haryana 122022, India",Maruti Suzuki,28.4974625,77.06326379999999,"[28.4974625,77.06326379999999]"
344,344,"Sector 18, Gurugram, Haryana 122022, India",Maruti Suzuki,28.497340700000002,77.0629913,"[28.497340700000002,77.0629913]"
345,345,"Sector 18, Gurugram, Haryana 122022, India",Maruti Udyog Gate 1,28.497338,77.062885,"[28.497338,77.062885]"
346,346,"Sector 18, Gurugram, Haryana 122022, India",Guegaon One Apartment,28.500010999999997,77.065497,"[28.500010999999997,77.065497]"
347,347,"Sector 18, Gurugram, Haryana 122022, India",91 Springboard,28.490637300000003,77.0632176,"[28.490637300000003,77.0632176]"
348,348,"Sector 18, Gurugram, Haryana 122022, India",91 Springboard,28.490609399999997,77.06318320000001,"[28.490609399999997,77.06318320000001]"
349,349,"Sector 18, Gurugram, Haryana 122022, India",Guegaon One Apartment,28.500938,77.0659,"[28.500938,77.0659]"
350,350,"Sector 18, Gurugram, Haryana 122022, India",Hyatt Palace,28.501240399999997,77.066351,"[28.501240399999997,77.066351]"
351,351,"Sector 18, Gurugram, Haryana 122022, India",Maruti Udyog Gate 2,28.494873,77.060975,"[28.494873,77.060975]"
352,352,"Sector 18, Gurugram, Haryana 122022, India",Hyatt Palace,28.501902100000002,77.0671085,"[28.501902100000002,77.0671085]"
353,353,"Sector 18, Gurugram, Haryana 122022, India",Maruti Udyog Gate 2,28.494519,77.06039399999999,"[28.494519,77.06039399999999]"
354,354,"Sector 18, Gurugram, Haryana 122022, India",Naggaro Software,28.5022528,77.0709292,"[28.5022528,77.0709292]"
355,355,"Sector 18, Gurugram, Haryana 122022, India",Udyog Vihar Phase 4,28.502354999999998,77.070965,"[28.502354999999998,77.070965]"
356,356,"Sector 18, Gurugram, Haryana 122022, India",Sarhol,28.493361,77.059365,"[28.493361,77.059365]"
357,357,"Sector 18, Gurugram, Haryana 122022, India",Palam Vihar Chowk,28.50348,77.06829599999998,"[28.50348,77.06829599999998]"
358,358,"Sector 18, Gurugram, Haryana 122022, India",Sarhol,28.492520000000003,77.058861,"[28.492520000000003,77.058861]"
359,359,"Sector 18, Gurugram, Haryana 122022, India",Aircel,28.49235999999999,77.0587704,"[28.49235999999999,77.0587704]"
360,360,"Sector 19, Gurugram, Haryana 122022, India",Asf Center Snapdeal,28.5007915,77.07865140000001,"[28.5007915,77.07865140000001]"
361,361,"Sector 19, Gurugram, Haryana 122022, India",Asf Center Snapdeal,28.50070759999999,77.07785799999998,"[28.50070759999999,77.07785799999998]"
362,362,"Sector 19, Gurugram, Haryana 122022, India",Spicejet,28.4992793,77.0813435,"[28.4992793,77.0813435]"
363,363,"Sector 19, Gurugram, Haryana 122022, India",Spicejet,28.4992354,77.0813093,"[28.4992354,77.0813093]"
364,364,"Sector 19, Gurugram, Haryana 122022, India",GSD Udyog Vihar,28.500767,77.07746200000003,"[28.500767,77.07746200000003]"
365,365,"Sector 19, Gurugram, Haryana 122022, India",Udyog Vihar Phase 4A,28.498761,77.08205699999998,"[28.498761,77.08205699999998]"
366,366,"Sector 19, Gurugram, Haryana 122022, India",Udyog Vihar,28.50625,77.08408399999998,"[28.50625,77.08408399999998]"
367,367,"Sector 19, Gurugram, Haryana 122022, India",Incedo/intellect T Point,28.4984398,77.08238979999999,"[28.4984398,77.08238979999999]"
368,368,"Sector 19, Gurugram, Haryana 122022, India",Udyog Vihar Phase-5,28.506851,77.083175,"[28.506851,77.083175]"
369,369,"Sector 19, Gurugram, Haryana 122022, India",Udyog Vihar,28.50645,77.084094,"[28.50645,77.084094]"
370,370,"Sector 19, Gurugram, Haryana 122022, India",Etv Chowk,28.504753499999996,77.0860943,"[28.504753499999996,77.0860943]"
371,371,"Sector 19, Gurugram, Haryana 122022, India",Etv Chowk,28.504795899999998,77.08619089999998,"[28.504795899999998,77.08619089999998]"
372,372,"Sector 19, Gurugram, Haryana 122022, India",Udyog Vihar Phase 2/3,28.503921000000002,77.087233,"[28.503921000000002,77.087233]"
373,373,"Sector 19, Gurugram, Haryana 122022, India",Ram Chowk Dundahera,28.509664,77.07941699999998,"[28.509664,77.07941699999998]"
374,374,"Sector 19, Gurugram, Haryana 122022, India",Ram Chowk,28.5104168,77.07845739999998,"[28.5104168,77.07845739999998]"
375,375,"Sector 19, Gurugram, Haryana 122022, India",Shyam Chowk,28.496634000000004,77.086807,"[28.496634000000004,77.086807]"
376,376,"Sector 19, Gurugram, Haryana 122022, India",Shankar Chowk,28.498650800000004,77.08881240000002,"[28.498650800000004,77.08881240000002]"
377,377,"Sector 19, Gurugram, Haryana 122022, India",Shankar Chowk Flyover,28.495898800000003,77.0862472,"[28.495898800000003,77.0862472]"
378,378,"Sector 19, Gurugram, Haryana 122022, India",Cyber City Flyover Start,28.4955899,77.08592890000001,"[28.4955899,77.08592890000001]"
379,379,"Sector 19, Gurugram, Haryana 122022, India",Shankar Chowk (A),28.500476000000003,77.09017800000001,"[28.500476000000003,77.09017800000001]"
386,386,"Sector 20, Gurugram, Haryana 122022, India",Gurgaon Toll,28.5120201,77.0923895,"[28.5120201,77.0923895]"
388,388,"Sector 20, Gurugram, Haryana 122022, India",Toll Plaza,28.511002,77.094062,"[28.511002,77.094062]"
390,390,"Sector 20, Gurugram, Haryana 122022, India",M C D Toll Opphotel Leela Main National Highway 8,28.50546599999999,77.09481,"[28.50546599999999,77.09481]"
391,391,"Sector 20, Gurugram, Haryana 122022, India",Ambience Mall,28.505359999999996,77.09504,"[28.505359999999996,77.09504]"
392,392,"Sector 20, Gurugram, Haryana 122022, India",Gurgaon Toll (near Udyog Vihar),28.514553999999997,77.09374100000001,"[28.514553999999997,77.09374100000001]"
393,393,"Sector 20, Gurugram, Haryana 122022, India",Shankar Chowk (pickup ),28.5019784,77.091809,"[28.5019784,77.091809]"
394,394,"Sector 20, Gurugram, Haryana 122022, India",Shankar Chowk,28.501140999999997,77.09081280000001,"[28.501140999999997,77.09081280000001]"
395,395,"Sector 20, Gurugram, Haryana 122022, India",Shankar Chowk (drop),28.501136900000002,77.09174519999998,"[28.501136900000002,77.09174519999998]"
397,397,"Sector 20, Gurugram, Haryana 122022, India",Shankar Chowk (drop),28.5008153,77.0920936,"[28.5008153,77.0920936]"
398,398,"Sector 20, Gurugram, Haryana 122022, India",Bhuteswar Chowk / Shivajinagar,28.516871999999996,77.079369,"[28.516871999999996,77.079369]"
399,399,"Sector 20, Gurugram, Haryana 122022, India",Moulsari Avenue Metro Station,28.501002000000003,77.09395400000001,"[28.501002000000003,77.09395400000001]"
400,400,"Sector 21, Gurugram, India",Hanuman Mandir Chowk,28.5118093,77.07468,"[28.5118093,77.07468]"
401,401,"Sector 21, Gurugram, India",Hanuman Mandir Dundahera,28.511017,77.074118,"[28.511017,77.074118]"
402,402,"Sector 21, Gurugram, India",Infotech Centre Main Gate,28.5110207,77.0741961,"[28.5110207,77.0741961]"
403,403,"Sector 21, Gurugram, India",Hanuman Chowk Bikaner Sweets (dhundahera),28.511673100000003,77.0750777,"[28.511673100000003,77.0750777]"
404,404,"Sector 21, Gurugram, India",Infotech Centre Main Gate,28.510943,77.0743047,"[28.510943,77.0743047]"
405,405,"Sector 21, Gurugram, India",Hanuman Mandir Dundahera,28.5107468,77.07423879999999,"[28.5107468,77.07423879999999]"
406,406,"Sector 21, Gurugram, India",Candor Techspace Gate No 2,28.5100933,77.07381579999998,"[28.5100933,77.07381579999998]"
407,407,"Sector 21, Gurugram, India",Candor Techspace,28.5098588,77.0731017,"[28.5098588,77.0731017]"
408,408,"Sector 21, Gurugram, India",Infospace,28.5095189,77.07320539999998,"[28.5095189,77.07320539999998]"
409,409,"Sector 21, Gurugram, India",Infospace,28.5094657,77.07338,"[28.5094657,77.07338]"
410,410,"Sector 21, Gurugram, India",Candor IT Sez Sector-22,28.508909000000003,77.072805,"[28.508909000000003,77.072805]"
411,411,"Sector 21, Gurugram, India",Idpl/ibs,28.508806,77.0727766,"[28.508806,77.0727766]"
412,412,"Sector 21, Gurugram, India",Candor IT Sez Sector-22,28.508709000000003,77.072964,"[28.508709000000003,77.072964]"
414,414,"Sector 21, Gurugram, India",Krishna Chowk,28.5069874,77.0714078,"[28.5069874,77.0714078]"
415,415,"Sector 21, Gurugram, India",Krishna Chowk,28.506839799999998,77.0714569,"[28.506839799999998,77.0714569]"
416,416,"Sector 21, Gurugram, India",Shree Krishna Chowk,28.506638,77.070944,"[28.506638,77.070944]"
417,417,"Sector 21, Gurugram, India",Shree Krishna Chowk,28.50642199999999,77.071167,"[28.50642199999999,77.071167]"
420,420,"Sector 22, Gurugram, Haryana 122015, India",Major Sushil Aima Marg / HSVP Market Sector 22,28.502788,77.063464,"[28.502788,77.063464]"
421,421,"Sector 22, Gurugram, Haryana 122015, India",Sector-22 Market,28.5028729,77.06280290000001,"[28.5028729,77.06280290000001]"
422,422,"Sector 22, Gurugram, Haryana 122015, India",Major Sushil Aima Marg / HSVP Market Sector 22,28.502572999999998,77.06282900000001,"[28.502572999999998,77.06282900000001]"
423,423,"Sector 22, Gurugram, Haryana 122015, India",Mother Dairy Sector 22 Market,28.502624100000006,77.06235559999998,"[28.502624100000006,77.06235559999998]"
425,425,"Sector 22, Gurugram, Haryana 122015, India",Palam Vihar Chowk,28.504580999999998,77.069552,"[28.504580999999998,77.069552]"
433,433,"Sector 22, Gurugram, Haryana 122015, India",Major Sushil Aima Marg / Tau Devi Lal Park,28.50253,77.058098,"[28.50253,77.058098]"
435,435,"Sector 22, Gurugram, Haryana 122015, India",Major Sushil Aima Marg / Tau Devi Lal Park,28.503333,77.056828,"[28.503333,77.056828]"
460,460,"Sector 24, Gurugram, Haryana, India",Moulsari Avenue,28.496269,77.10190899999998,"[28.496269,77.10190899999998]"
461,461,"Sector 24, Gurugram, Haryana, India",Moulsari Avenue,28.496638,77.101535,"[28.496638,77.101535]"
462,462,"Sector 24, Gurugram, Haryana, India",W/V Block DLF Phase-3,28.498563,77.09820500000001,"[28.498563,77.09820500000001]"
463,463,"Sector 24, Gurugram, Haryana, India",Dlf Building 6,28.497111600000004,77.0949832,"[28.497111600000004,77.0949832]"
464,464,"Sector 24, Gurugram, Haryana, India",City Club DLF Phase-3,28.493225,77.10549300000002,"[28.493225,77.10549300000002]"
465,465,"Sector 24, Gurugram, Haryana, India",Dlf Building 14,28.4967945,77.093689,"[28.4967945,77.093689]"
466,466,"Sector 24, Gurugram, Haryana, India",City Club DLF Phase-3,28.493183000000002,77.105988,"[28.493183000000002,77.105988]"
467,467,"Sector 24, Gurugram, Haryana, India",Dlf Building No. 9a/9b,28.495190700000002,77.09284179999999,"[28.495190700000002,77.09284179999999]"
468,468,"Sector 24, Gurugram, Haryana, India",Dlf Building No. 9a/9b (drop),28.4952517,77.09252359999998,"[28.4952517,77.09252359999998]"
469,469,"Sector 24, Gurugram, Haryana, India",Ericsson Wework Building,28.496570600000002,77.0919189,"[28.496570600000002,77.0919189]"
470,470,"Sector 24, Gurugram, Haryana, India",Ericsson Wework Building,28.4968243,77.09156039999998,"[28.4968243,77.09156039999998]"
471,471,"Sector 24, Gurugram, Haryana, India",Ericsson Wework Building,28.4967091,77.0911101,"[28.4967091,77.0911101]"
472,472,"Sector 24, Gurugram, Haryana, India",Rbs Building,28.4919567,77.09096190000001,"[28.4919567,77.09096190000001]"
473,473,"Sector 24, Gurugram, Haryana, India",Building No 3 Cyberhub,28.496331899999998,77.09055079999999,"[28.496331899999998,77.09055079999999]"
475,475,"Sector 24, Gurugram, Haryana, India",Rbs Building (drop),28.491805300000003,77.09074389999998,"[28.491805300000003,77.09074389999998]"
476,476,"Sector 24, Gurugram, Haryana, India",Dlf Phase-ii Rapid Metro,28.4877315,77.09309470000001,"[28.4877315,77.09309470000001]"
477,477,"Sector 24, Gurugram, Haryana, India",Building No 8 Cyberhub,28.4940413,77.0894612,"[28.4940413,77.0894612]"
478,478,"Sector 24, Gurugram, Haryana, India",Cyber City (near Indusind Rapid Metro Station),28.4977207,77.090126,"[28.4977207,77.090126]"
479,479,"Sector 24, Gurugram, Haryana, India",Nathupur Sr. Sec. School,28.489106,77.107732,"[28.489106,77.107732]"
480,480,"Sector 25, Gurugram, Haryana 122022, India",Atlas Chowk (service Lane )),28.490699699999997,77.0818886,"[28.490699699999997,77.0818886]"
481,481,"Sector 25, Gurugram, Haryana 122022, India",Sector 18 Bus Stop,28.489287599999997,77.0790482,"[28.489287599999997,77.0790482]"
482,482,"Sector 25, Gurugram, Haryana 122022, India",Vipul Agora Mall,28.480282,77.0840528,"[28.480282,77.0840528]"
483,483,"Sector 25, Gurugram, Haryana 122022, India",Genpact Sector-18 (footover Bridge),28.485982899999996,77.07740849999998,"[28.485982899999996,77.07740849999998]"
484,484,"Sector 25, Gurugram, Haryana 122022, India",Atlas Chowk,28.49114000000001,77.081548,"[28.49114000000001,77.081548]"
485,485,"Sector 25, Gurugram, Haryana 122022, India",Sahara Mall,28.480649,77.086462,"[28.480649,77.086462]"
486,486,"Sector 25, Gurugram, Haryana 122022, India",Genpact Sector-18 (service Lane ),28.485923,77.0773275,"[28.485923,77.0773275]"
487,487,"Sector 25, Gurugram, Haryana 122022, India",Vipul Agora Mall,28.480078600000002,77.08402170000001,"[28.480078600000002,77.08402170000001]"
488,488,"Sector 25, Gurugram, Haryana 122022, India",Genpact NH 8 / Fob,28.486244,77.07707599999998,"[28.486244,77.07707599999998]"
489,489,"Sector 25, Gurugram, Haryana 122022, India",Sahara Mall,28.480406,77.086668,"[28.480406,77.086668]"
490,490,"Sector 25, Gurugram, Haryana 122022, India",Genpact Sector 18 (footover Bridge),28.486146999999995,77.07684609999998,"[28.486146999999995,77.07684609999998]"
491,491,"Sector 25, Gurugram, Haryana 122022, India",Vodafone Belvedere Tower,28.4910761,77.08834870000001,"[28.4910761,77.08834870000001]"
492,492,"Sector 25, Gurugram, Haryana 122022, India",M.G. Road Metro Station,28.47955,77.08060499999998,"[28.47955,77.08060499999998]"
493,493,"Sector 25, Gurugram, Haryana 122022, India",Vodafone Belvedere Metro Station,28.491488300000004,77.08826090000001,"[28.491488300000004,77.08826090000001]"
494,494,"Sector 25, Gurugram, Haryana 122022, India",Dlf Building 5,28.4890772,77.09097159999999,"[28.4890772,77.09097159999999]"
495,495,"Sector 25, Gurugram, Haryana 122022, India",Jmd Empire Square,28.48068480000001,77.08939559999999,"[28.48068480000001,77.08939559999999]"
496,496,"Sector 25, Gurugram, Haryana 122022, India",Mg Road Metro,28.47975,77.07940599999998,"[28.47975,77.07940599999998]"
497,497,"Sector 25, Gurugram, Haryana 122022, India",Jmd Empire Square,28.4804942,77.0894247,"[28.4804942,77.0894247]"
498,498,"Sector 25, Gurugram, Haryana 122022, India",Mg Road Metro,28.4794102,77.07971189999998,"[28.4794102,77.07971189999998]"
499,499,"Sector 25, Gurugram, Haryana 122022, India",DLF Phase 2 Rapid Metro,28.487322999999996,77.0926863,"[28.487322999999996,77.0926863]"
500,500,"Sector 26, Gurugram, Haryana 122002, India",Sikanderpur,28.482385999999998,77.106954,"[28.482385999999998,77.106954]"
501,501,"Sector 26, Gurugram, Haryana 122002, India",Sikanderpur,28.480679,77.11032399999998,"[28.480679,77.11032399999998]"
502,502,"Sector 26, Gurugram, Haryana 122002, India",Guru Dronacharya Metro Station,28.481835999999998,77.10150700000001,"[28.481835999999998,77.10150700000001]"
503,503,"Sector 26, Gurugram, Haryana 122002, India",Guru Dronacharya Metro Station,28.482102,77.101376,"[28.482102,77.101376]"
504,504,"Sector 26, Gurugram, Haryana 122002, India",Nathupur Village (A),28.483548,77.10724599999999,"[28.483548,77.10724599999999]"
505,505,"Sector 26, Gurugram, Haryana 122002, India",Nathupur Village (A),28.483867,77.107185,"[28.483867,77.107185]"
506,506,"Sector 26, Gurugram, Haryana 122002, India",D.L.F. City Phase 1,28.477164000000002,77.097095,"[28.477164000000002,77.097095]"
507,507,"Sector 26, Gurugram, Haryana 122002, India",D.L.F. City Phase 1,28.477196999999997,77.096627,"[28.477196999999997,77.096627]"
508,508,"Sector 26, Gurugram, Haryana 122002, India",Aravalli Bio Diversity Park,28.481792,77.113569,"[28.481792,77.113569]"
509,509,"Sector 26, Gurugram, Haryana 122002, India",Nathupur Village (B),28.486217,77.106297,"[28.486217,77.106297]"
510,510,"Sector 26, Gurugram, Haryana 122002, India",Nathupur Village (B),28.486952000000002,77.107946,"[28.486952000000002,77.107946]"
511,511,"Sector 26, Gurugram, Haryana 122002, India",Bristol Chowk,28.478395000000003,77.094583,"[28.478395000000003,77.094583]"
512,512,"Sector 26, Gurugram, Haryana 122002, India",Bristol Chowk,28.478862,77.094269,"[28.478862,77.094269]"
513,513,"Sector 26, Gurugram, Haryana 122002, India",Khusboo Chowk,28.468489,77.108853,"[28.468489,77.108853]"
514,514,"Sector 26, Gurugram, Haryana 122002, India",D.T. Mega Mall,28.476146000000004,77.09407999999998,"[28.476146000000004,77.09407999999998]"
515,515,"Sector 26, Gurugram, Haryana 122002, India",Bristol Hotel,28.478261,77.093535,"[28.478261,77.093535]"
516,516,"Sector 26, Gurugram, Haryana 122002, India",D.T. Mega Mall,28.475907,77.09364099999998,"[28.475907,77.09364099999998]"
517,517,"Sector 26, Gurugram, Haryana 122002, India",Bristol Chowk,28.479286699999996,77.09348059999998,"[28.479286699999996,77.09348059999998]"
518,518,"Sector 26, Gurugram, Haryana 122002, India",Bristol Chowk,28.47905859999999,77.0934443,"[28.47905859999999,77.0934443]"
519,519,"Sector 26, Gurugram, Haryana 122002, India",Sikanderpur Metro Station,28.481284000000002,77.093501,"[28.481284000000002,77.093501]"
520,520,"Sector 27, Gurugram, Haryana 122009, India",Sector 42 / DLF Phase-1,28.463476,77.096623,"[28.463476,77.096623]"
521,521,"Sector 27, Gurugram, Haryana 122009, India",Sector 42 / DLF Phase 1,28.463364000000002,77.097432,"[28.463364000000002,77.097432]"
522,522,"Sector 27, Gurugram, Haryana 122009, India",Global Foyer,28.4612779,77.0959783,"[28.4612779,77.0959783]"
523,523,"Sector 27, Gurugram, Haryana 122009, India",Global Foyer Parking,28.460610600000003,77.09565839999998,"[28.460610600000003,77.09565839999998]"
524,524,"Sector 27, Gurugram, Haryana 122009, India",DLF Bus Stop,28.4678896,77.0828032,"[28.4678896,77.0828032]"
525,525,"Sector 27, Gurugram, Haryana 122009, India",Shiv Nadar School,28.463886,77.101232,"[28.463886,77.101232]"
526,526,"Sector 27, Gurugram, Haryana 122009, India",Sector 42/43 Metro Station,28.458071,77.09641500000001,"[28.458071,77.09641500000001]"
527,527,"Sector 27, Gurugram, Haryana 122009, India",Shiv Nadar School,28.463753000000004,77.102136,"[28.463753000000004,77.102136]"
529,529,"Sector 27, Gurugram, Haryana 122009, India",Sector 42/43 Metro Station,28.456695,77.09743300000002,"[28.456695,77.09743300000002]"
535,535,"Sector 27, Gurugram, Haryana 122009, India",Amex,28.454156400000002,77.09800600000001,"[28.454156400000002,77.09800600000001]"
539,539,"Sector 27, Gurugram, Haryana 122009, India",Amex,28.453106400000003,77.0979162,"[28.453106400000003,77.0979162]"
557,557,"Sector 28, Gurugram, Haryana 122022, India",Sikanderpur Metro Station,28.481423,77.09231799999998,"[28.481423,77.09231799999998]"
559,559,"Sector 28, Gurugram, Haryana 122022, India",Iffco Chowk Metro Station (A),28.471615000000003,77.07279,"[28.471615000000003,77.07279]"
560,560,"Sector 29, Gurugram, Haryana 122022, India",Pllazio Hospital / Sector 29,28.464434000000004,77.063549,"[28.464434000000004,77.063549]"
561,561,"Sector 29, Gurugram, Haryana 122022, India",Pllazio Hospital / Sector 29,28.464081,77.06361600000001,"[28.464081,77.06361600000001]"
562,562,"Sector 29, Gurugram, Haryana 122022, India",Gymkhana Club,28.465781,77.06141699999998,"[28.465781,77.06141699999998]"
563,563,"Sector 29, Gurugram, Haryana 122022, India",Gymkhana Club,28.46617299999999,77.06130300000002,"[28.46617299999999,77.06130300000002]"
564,564,"Sector 29, Gurugram, Haryana 122022, India",KR Mangalam World School,28.462019899999998,77.0662938,"[28.462019899999998,77.0662938]"
565,565,"Sector 29, Gurugram, Haryana 122022, India",KR Mangalam World School,28.461920000000003,77.066786,"[28.461920000000003,77.066786]"
566,566,"Sector 29, Gurugram, Haryana 122022, India",South City Near Huda City Centre,28.4613805,77.0675186,"[28.4613805,77.0675186]"
568,568,"Sector 29, Gurugram, Haryana 122022, India",Millenium Plaza,28.465667,77.07327599999998,"[28.465667,77.07327599999998]"
571,571,"Sector 29, Gurugram, Haryana 122022, India",Iffco Chowk Metro Station (A),28.471425,77.07239,"[28.471425,77.07239]"
572,572,"Sector 29, Gurugram, Haryana 122022, India",Iffco Chowk Metro Station,28.471799400000002,77.0725982,"[28.471799400000002,77.0725982]"
574,574,"Sector 29, Gurugram, Haryana 122022, India",Iffco Chowk Metro Station,28.4719463,77.07247,"[28.4719463,77.07247]"
575,575,"Sector 29, Gurugram, Haryana 122022, India",Iffco Chowk Gurgaon,28.472129,77.072418,"[28.472129,77.072418]"
576,576,"Sector 29, Gurugram, Haryana 122022, India",Sector 29 Police Station,28.463110999999998,77.07365999999998,"[28.463110999999998,77.07365999999998]"
578,578,"Sector 29, Gurugram, Haryana 122022, India",Max Hospital (huda Cc),28.4613581,77.0739426,"[28.4613581,77.0739426]"
579,579,"Sector 29, Gurugram, Haryana 122022, India",Huda City Centre,28.45908,77.07051799999998,"[28.45908,77.07051799999998]"
594,594,"Sector 30, Gurugram, Haryana 122022, India",Ryan Bus Stop,28.45242069999999,77.05392119999998,"[28.45242069999999,77.05392119999998]"
597,597,"Sector 30, Gurugram, Haryana 122022, India",Sector 44,28.4543,77.068,"[28.4543,77.068]"
598,598,"Sector 30, Gurugram, Haryana 122022, India",Sector 44,28.454337,77.068416,"[28.454337,77.068416]"
601,601,"Sector 31, Gurugram, Haryana 122001, India",Orbit Hospital,28.450046,77.04369709999999,"[28.450046,77.04369709999999]"
603,603,"Sector 31, Gurugram, Haryana 122001, India",Jharsa Chowk,28.4512048,77.0416139,"[28.4512048,77.0416139]"
604,604,"Sector 31, Gurugram, Haryana 122001, India",Jharsa Chowk (drop),28.4515505,77.0411613,"[28.4515505,77.0411613]"
608,608,"Sector 31, Gurugram, Haryana 122001, India",Icici Bank(proptiger),28.44501949999999,77.0457935,"[28.44501949999999,77.0457935]"
609,609,"Sector 31, Gurugram, Haryana 122001, India",Sector 39/45,28.445933,77.060024,"[28.445933,77.060024]"
610,610,"Sector 31, Gurugram, Haryana 122001, India",Sector 40,28.447384000000003,77.061374,"[28.447384000000003,77.061374]"
611,611,"Sector 31, Gurugram, Haryana 122001, India",Unitech Cyber Park (B),28.444371000000004,77.058512,"[28.444371000000004,77.058512]"
612,612,"Sector 31, Gurugram, Haryana 122001, India",Sector 39/45,28.445705,77.060215,"[28.445705,77.060215]"
613,613,"Sector 31, Gurugram, Haryana 122001, India",Unitech Cyber Park (A),28.443680600000004,77.0578377,"[28.443680600000004,77.0578377]"
614,614,"Sector 31, Gurugram, Haryana 122001, India",Unitech Cyber Park (B),28.44333,77.057947,"[28.44333,77.057947]"
615,615,"Sector 31, Gurugram, Haryana 122001, India",Unitech Cyber Park,28.442697100000004,77.0570046,"[28.442697100000004,77.0570046]"
616,616,"Sector 31, Gurugram, Haryana 122001, India",Unitech Cyber Park,28.44260329999999,77.05713,"[28.44260329999999,77.05713]"
617,617,"Sector 31, Gurugram, Haryana 122001, India",Unitech Cyber Park,28.442417300000002,77.0569229,"[28.442417300000002,77.0569229]"
618,618,"Sector 31, Gurugram, Haryana 122001, India",Sector 46,28.441266,77.05548399999998,"[28.441266,77.05548399999998]"
619,619,"Sector 31, Gurugram, Haryana 122001, India",Sector 45/South City 1,28.4506428,77.06454049999998,"[28.4506428,77.06454049999998]"
625,625,"Sector 32, Gurugram, Haryana 122001, India",Rajeev Chowk,28.4458287,77.0341262,"[28.4458287,77.0341262]"
626,626,"Sector 32, Gurugram, Haryana 122001, India",Medanta Medicity Hospital,28.440839500000003,77.0408781,"[28.440839500000003,77.0408781]"
627,627,"Sector 32, Gurugram, Haryana 122001, India",Rajiv Chowk- Gurgaon 8800335100-8800601200,28.445615999999998,77.03322800000001,"[28.445615999999998,77.03322800000001]"
628,628,"Sector 32, Gurugram, Haryana 122001, India",Rajeev Chowk,28.447577000000003,77.03296279999998,"[28.447577000000003,77.03296279999998]"
629,629,"Sector 32, Gurugram, Haryana 122001, India",Medanta (opposite Road),28.440460700000003,77.0415912,"[28.440460700000003,77.0415912]"
630,630,"Sector 32, Gurugram, Haryana 122001, India",Medanta Medicity Hospital (opposite),28.440453,77.04159920000001,"[28.440453,77.04159920000001]"
631,631,"Sector 32, Gurugram, Haryana 122001, India",Rajeev Chowk,28.445508399999998,77.0321069,"[28.445508399999998,77.0321069]"
632,632,"Sector 32, Gurugram, Haryana 122001, India",Rajeev Chowk,28.446333399999997,77.0315431,"[28.446333399999997,77.0315431]"
648,648,"Sector 33, Gurugram, Haryana, India",Khandsa Mandi,28.444377000000003,77.01771,"[28.444377000000003,77.01771]"
649,649,"Sector 33, Gurugram, Haryana, India",Khandsa Mandi,28.443424,77.016222,"[28.443424,77.016222]"
650,650,"Sector 33, Gurugram, Haryana, India",Sector 33/34 Marble Market,28.429876,77.019503,"[28.429876,77.019503]"
651,651,"Sector 33, Gurugram, Haryana, India",Hero Honda Chowk,28.429334000000004,77.02018699999998,"[28.429334000000004,77.02018699999998]"
652,652,"Sector 33, Gurugram, Haryana, India",Sector 33/34 Marble Market,28.429634000000004,77.01946099999998,"[28.429634000000004,77.01946099999998]"
653,653,"Sector 33, Gurugram, Haryana, India",Sector 34 Nagar Nigam,28.431147999999997,77.017636,"[28.431147999999997,77.017636]"
655,655,"Sector 33, Gurugram, Haryana, India",Infocity 1 Main Gate,28.431515,77.01710299999998,"[28.431515,77.01710299999998]"
656,656,"Sector 33, Gurugram, Haryana, India",Central Park 2,28.427515000000003,77.03160299999998,"[28.427515000000003,77.03160299999998]"
657,657,"Sector 33, Gurugram, Haryana, India",Aricent Tikri (opposite),28.4275135,77.03183879999999,"[28.4275135,77.03183879999999]"
658,658,"Sector 33, Gurugram, Haryana, India",Unitech InfoSpace,28.427190200000002,77.0305176,"[28.427190200000002,77.0305176]"
659,659,"Sector 33, Gurugram, Haryana, India",Sector 34 Nagar Nigam,28.430977000000002,77.01736600000001,"[28.430977000000002,77.01736600000001]"
660,660,"Sector 34, Gurugram, Haryana, India",Khandsa Village Fob,28.429676,77.005184,"[28.429676,77.005184]"
661,661,"Sector 34, Gurugram, Haryana, India",Khandsa Village Fob,28.429043,77.004121,"[28.429043,77.004121]"
662,662,"Sector 34, Gurugram, Haryana, India",Hero Honda Chowk,28.4326144,77.00732590000001,"[28.4326144,77.00732590000001]"
663,663,"Sector 34, Gurugram, Haryana, India",Hero Honda Chowk,28.435022600000003,77.0100028,"[28.435022600000003,77.0100028]"
664,664,"Sector 34, Gurugram, Haryana, India",Hero Honda Chowk (drop F),28.434616899999998,77.01188140000001,"[28.434616899999998,77.01188140000001]"
665,665,"Sector 34, Gurugram, Haryana, India",Hero Motocorp Gate,28.4349696,77.01147390000001,"[28.4349696,77.01147390000001]"
666,666,"Sector 34, Gurugram, Haryana, India",Hero Honda Bus Stop,28.4336281,77.0138016,"[28.4336281,77.0138016]"
667,667,"Sector 34, Gurugram, Haryana, India",Hero Honda,28.4326,77.014928,"[28.4326,77.014928]"
668,668,"Sector 34, Gurugram, Haryana, India",Hero Honda,28.432765000000003,77.015243,"[28.432765000000003,77.015243]"
669,669,"Sector 34, Gurugram, Haryana, India",Hero Honda Chowk,28.436035999999998,77.01088299999998,"[28.436035999999998,77.01088299999998]"
670,670,"Sector 34, Gurugram, Haryana, India",Sector 37,28.43650199999999,77.008866,"[28.43650199999999,77.008866]"
671,671,"Sector 34, Gurugram, Haryana, India",Infocity 1 Main Gate (drop F),28.4314803,77.01673309999998,"[28.4314803,77.01673309999998]"
672,672,"Sector 34, Gurugram, Haryana, India",Sector 37,28.437051,77.008561,"[28.437051,77.008561]"
675,675,"Sector 34, Gurugram, Haryana, India",Hero Honda Chowk,28.4369717,77.01075,"[28.4369717,77.01075]"
680,680,"Sector 35, Gurugram, Haryana 122004, India",Post Office Narsinghpur,28.412959000000004,76.994339,"[28.412959000000004,76.994339]"
681,681,"Sector 35, Gurugram, Haryana 122004, India",Post Office Narsinghpur,28.41329799999999,76.994086,"[28.41329799999999,76.994086]"
682,682,"Sector 35, Gurugram, Haryana 122004, India",Tcs Skyview,28.4101353,76.99278259999998,"[28.4101353,76.99278259999998]"
686,686,"Sector 35, Gurugram, Haryana 122004, India",Shani Mandir,28.403394,76.98864800000003,"[28.403394,76.98864800000003]"
687,687,"Sector 35, Gurugram, Haryana 122004, India",Shani Mandir,28.403090999999996,76.98889100000001,"[28.403090999999996,76.98889100000001]"
708,708,"Sector 36, Gurugram, Haryana 122004, India",ISBT Depot,28.411454600000003,76.9699768,"[28.411454600000003,76.9699768]"
709,709,"Sector 36, Gurugram, Haryana 122004, India",Gadauli Kalan / Gadauli Khurd,28.441151,76.98093,"[28.441151,76.98093]"
710,710,"Sector 36, Gurugram, Haryana 122004, India",Godoli,28.441925,76.982192,"[28.441925,76.982192]"
711,711,"Sector 36, Gurugram, Haryana 122004, India",Khandsa Chowk,28.4392,77.0047,"[28.4392,77.0047]"
712,712,"Sector 36, Gurugram, Haryana 122004, India",Gadauli Kalan / Gadauli Khurd,28.44202799999999,76.98200200000001,"[28.44202799999999,76.98200200000001]"
714,714,"Sector 36, Gurugram, Haryana 122004, India",Khandsa Chowk,28.439248,77.004982,"[28.439248,77.004982]"
728,728,"Sector 37, Gurugram, Haryana, India",Saraswati Enclave / Kadipur Industrial Area,28.445394,76.99076,"[28.445394,76.99076]"
729,729,"Sector 37, Gurugram, Haryana, India",Saraswati Enclave / Kadipur Industrial Area,28.445390000000003,76.99037400000002,"[28.445390000000003,76.99037400000002]"
743,743,"Sector 38, Gurugram, Haryana 122022, India",Sector 38/47A,28.430064,77.042711,"[28.430064,77.042711]"
744,744,"Sector 38, Gurugram, Haryana 122022, India",Sector 38/47A,28.429831,77.042982,"[28.429831,77.042982]"
745,745,"Sector 38, Gurugram, Haryana 122022, India",Sector 38/47B,28.43134599999999,77.045906,"[28.43134599999999,77.045906]"
746,746,"Sector 38, Gurugram, Haryana 122022, India",Baktawar Chowk,28.43525169999999,77.0482217,"[28.43525169999999,77.0482217]"
747,747,"Sector 38, Gurugram, Haryana 122022, India",Sector 38/47B,28.4319451,77.0469196,"[28.4319451,77.0469196]"
748,748,"Sector 38, Gurugram, Haryana 122022, India",Sector 38,28.433784999999997,77.04824599999998,"[28.433784999999997,77.04824599999998]"
749,749,"Sector 38, Gurugram, Haryana 122022, India",Baktawar Chowk,28.4340196,77.048813,"[28.4340196,77.048813]"
750,750,"Sector 38, Gurugram, Haryana 122022, India",Baktawar Chowk,28.435161800000003,77.0496672,"[28.435161800000003,77.0496672]"
751,751,"Sector 38, Gurugram, Haryana 122022, India",Subhash Chowk,28.42815899999999,77.037284,"[28.42815899999999,77.037284]"
752,752,"Sector 38, Gurugram, Haryana 122022, India",Altis Estates Bus Stop,28.434303200000002,77.04974229999998,"[28.434303200000002,77.04974229999998]"
753,753,"Sector 38, Gurugram, Haryana 122022, India",Subhash Chowk,28.428115500000004,77.0369685,"[28.428115500000004,77.0369685]"
754,754,"Sector 38, Gurugram, Haryana 122022, India",SRS Wedding Mall Bus Stop,28.42765639999999,77.0371091,"[28.42765639999999,77.0371091]"
755,755,"Sector 38, Gurugram, Haryana 122022, India",Bakhtawar Chowk A,28.4361256,77.0505218,"[28.4361256,77.0505218]"
756,756,"Sector 38, Gurugram, Haryana 122022, India",Uniworld Gardens sector 47,28.426294300000002,77.0374605,"[28.426294300000002,77.0374605]"
758,758,"Sector 38, Gurugram, Haryana 122022, India",Bakhtawar Chowk B,28.438271000000004,77.05258599999998,"[28.438271000000004,77.05258599999998]"
772,772,"Sector 39, Gurugram, Haryana 122022, India",Sector 46,28.4395147,77.05423360000002,"[28.4395147,77.05423360000002]"
779,779,"Sector 39, Gurugram, Haryana 122022, India",Sector 45/South City 1,28.451252,77.06556499999998,"[28.451252,77.06556499999998]"
793,793,"Sector 40, Gurugram, Haryana 122001, India",Red Light Sec-44,28.45085389999999,77.06852959999998,"[28.45085389999999,77.06852959999998]"
799,799,"Sector 40, Gurugram, Haryana 122001, India",Ramada Hotel,28.449693699999997,77.07045749999999,"[28.449693699999997,77.07045749999999]"
802,802,"Sector 41, Gurugram, Haryana 122022, India",Fortis Memorial Research Institute A / HUDA City Center,28.456738800000004,77.07016970000001,"[28.456738800000004,77.07016970000001]"
804,804,"Sector 41, Gurugram, Haryana 122022, India",Huda City Centre,28.458738,77.07058099999998,"[28.458738,77.07058099999998]"
808,808,"Sector 41, Gurugram, Haryana 122022, India",Huda City Centre(parking),28.4591,77.0706,"[28.4591,77.0706]"
809,809,"Sector 41, Gurugram, Haryana 122022, India",Huda City Centre(opposite Parking),28.458551399999997,77.07088619999998,"[28.458551399999997,77.07088619999998]"
811,811,"Sector 41, Gurugram, Haryana 122022, India",Fortis Memorial Research Institute A / HUDA City Center,28.457556,77.07148699999998,"[28.457556,77.07148699999998]"
816,816,"Sector 41, Gurugram, Haryana 122022, India",HUDA City Centre Metro Station B,28.4599,77.0739,"[28.4599,77.0739]"
818,818,"Sector 41, Gurugram, Haryana 122022, India",Max Hospital (huda Cc),28.460048699999998,77.0742416,"[28.460048699999998,77.0742416]"
819,819,"Sector 41, Gurugram, Haryana 122022, India",Apparel House,28.453767300000003,77.0745072,"[28.453767300000003,77.0745072]"
822,822,"Sector 42, Gurugram, 122002, India",Khusboo Chowk,28.466930800000004,77.10747940000002,"[28.466930800000004,77.10747940000002]"
828,828,"Sector 42, Gurugram, 122002, India",One Horizon Center,28.4513,77.09868999999998,"[28.4513,77.09868999999998]"
830,830,"Sector 42, Gurugram, 122002, India",One Horizon Center,28.451340500000004,77.09814229999998,"[28.451340500000004,77.09814229999998]"
834,834,"Sector 42, Gurugram, 122002, India",Genpact Chowk,28.449199,77.099721,"[28.449199,77.099721]"
835,835,"Sector 42, Gurugram, 122002, India",Genpact,28.448973600000002,77.0993045,"[28.448973600000002,77.0993045]"
836,836,"Sector 42, Gurugram, 122002, India",Genpact (opposite),28.448461199999997,77.09996129999998,"[28.448461199999997,77.09996129999998]"
837,837,"Sector 42, Gurugram, 122002, India",Shuttle Bus Stop,28.445152399999998,77.1087402,"[28.445152399999998,77.1087402]"
838,838,"Sector 42, Gurugram, 122002, India",Sector 53/54 Metro Station,28.445984999999997,77.100853,"[28.445984999999997,77.100853]"
839,839,"Sector 42, Gurugram, 122002, India",Aipl Business Centre,28.44605099999999,77.1006909,"[28.44605099999999,77.1006909]"
854,854,"Sector 43, Gurugram, Haryana 122022, India",Apparel House,28.453848800000003,77.0746814,"[28.453848800000003,77.0746814]"
860,860,"Sector 44, Gurugram, Haryana 122003, India",Kanhai Colony,28.44814199999999,77.07852799999998,"[28.44814199999999,77.07852799999998]"
861,861,"Sector 44, Gurugram, Haryana 122003, India",Kanhai Colony,28.446528000000004,77.07818999999998,"[28.446528000000004,77.07818999999998]"
862,862,"Sector 44, Gurugram, Haryana 122003, India",Ramada Hotel,28.4490514,77.072071,"[28.4490514,77.072071]"
863,863,"Sector 44, Gurugram, Haryana 122003, India",Ardee City Gate Number 3,28.444865000000004,77.074709,"[28.444865000000004,77.074709]"
864,864,"Sector 44, Gurugram, Haryana 122003, India",Ardee City Gate Number 3,28.444658,77.074735,"[28.444658,77.074735]"
868,868,"Sector 44, Gurugram, Haryana 122003, India",Ardee City Gate 1,28.445369,77.0816705,"[28.445369,77.0816705]"
869,869,"Sector 44, Gurugram, Haryana 122003, India",Ardee City Gate 1,28.445478100000003,77.0818106,"[28.445478100000003,77.0818106]"
873,873,"Sector 44, Gurugram, Haryana 122003, India",Indira Colony,28.440503999999997,77.07067599999998,"[28.440503999999997,77.07067599999998]"
874,874,"Sector 44, Gurugram, Haryana 122003, India",Indira Colony,28.440426000000002,77.070347,"[28.440426000000002,77.070347]"
900,900,"Sector 46, Gurugram, Haryana 122022, India",Samaspur,28.432641999999998,77.06298699999998,"[28.432641999999998,77.06298699999998]"
901,901,"Sector 46, Gurugram, Haryana 122022, India",Samaspur,28.432453000000002,77.063025,"[28.432453000000002,77.063025]"
902,902,"Sector 46, Gurugram, Haryana 122022, India",Mayfield Garden,28.429152000000002,77.059595,"[28.429152000000002,77.059595]"
903,903,"Sector 46, Gurugram, Haryana 122022, India",Mayfield Garden,28.428971,77.059687,"[28.428971,77.059687]"
906,906,"Sector 46, Gurugram, Haryana 122022, India",SS Plaza Bus Stop,28.4279678,77.0579875,"[28.4279678,77.0579875]"
924,924,"Sector 47, Gurugram, Haryana, India",Nirvana Country,28.424114000000003,77.054726,"[28.424114000000003,77.054726]"
925,925,"Sector 47, Gurugram, Haryana, India",Park Hospital,28.419921000000002,77.04879199999998,"[28.419921000000002,77.04879199999998]"
926,926,"Sector 47, Gurugram, Haryana, India",Nirvana Country,28.424106,77.054937,"[28.424106,77.054937]"
927,927,"Sector 47, Gurugram, Haryana, India",Park Hospital,28.41975769999999,77.0486212,"[28.41975769999999,77.0486212]"
931,931,"Sector 47, Gurugram, Haryana, India",South City 2,28.41875,77.04467799999998,"[28.41875,77.04467799999998]"
932,932,"Sector 47, Gurugram, Haryana, India",South City 2,28.418596,77.04469,"[28.418596,77.04469]"
940,940,"Sector 48, Gurugram, Haryana, India",Cd Chowk,28.413223,77.04128700000003,"[28.413223,77.04128700000003]"
941,941,"Sector 48, Gurugram, Haryana, India",Cd Chowk,28.4124615,77.0416122,"[28.4124615,77.0416122]"
942,942,"Sector 48, Gurugram, Haryana, India",Cd Chowk (spaze Itech Park),28.412573,77.0418791,"[28.412573,77.0418791]"
943,943,"Sector 48, Gurugram, Haryana, India",Cd Chowk Sector 49,28.4121026,77.04195190000002,"[28.4121026,77.04195190000002]"
944,944,"Sector 48, Gurugram, Haryana, India",C.D. Chowk,28.41209399999999,77.041997,"[28.41209399999999,77.041997]"
945,945,"Sector 48, Gurugram, Haryana, India",Cd Chowk (drop F),28.4116865,77.04188239999998,"[28.4116865,77.04188239999998]"
946,946,"Sector 48, Gurugram, Haryana, India",C.D. Chowk,28.411064,77.041947,"[28.411064,77.041947]"
947,947,"Sector 48, Gurugram, Haryana, India",Vipul Garden,28.41654,77.04040400000001,"[28.41654,77.04040400000001]"
948,948,"Sector 48, Gurugram, Haryana, India",Vipul Garden,28.416769,77.04059099999998,"[28.416769,77.04059099999998]"
949,949,"Sector 48, Gurugram, Haryana, India",Uppal Southend,28.4095777,77.04273909999998,"[28.4095777,77.04273909999998]"
950,950,"Sector 48, Gurugram, Haryana, India",Sishpal Vihar,28.417581,77.041822,"[28.417581,77.041822]"
951,951,"Sector 48, Gurugram, Haryana, India",Sishpal Vihar,28.417735999999998,77.04185000000003,"[28.417735999999998,77.04185000000003]"
952,952,"Sector 48, Gurugram, Haryana, India",Jmd Megapolis,28.418921500000003,77.03972929999998,"[28.418921500000003,77.03972929999998]"
953,953,"Sector 48, Gurugram, Haryana, India",Jmd Megapolis,28.4193957,77.0397796,"[28.4193957,77.0397796]"
954,954,"Sector 48, Gurugram, Haryana, India",Jmd Megapolis New,28.419508,77.039772,"[28.419508,77.039772]"
955,955,"Sector 48, Gurugram, Haryana, India",Orchid Petals Sector 49,28.41209619999999,77.04639770000001,"[28.41209619999999,77.04639770000001]"
956,956,"Sector 48, Gurugram, Haryana, India",Vatika Business Park (drop F),28.4063907,77.0434183,"[28.4063907,77.0434183]"
957,957,"Sector 48, Gurugram, Haryana, India",Vatika Business Park (sohna Road),28.406311199999998,77.04360919999998,"[28.406311199999998,77.04360919999998]"
961,961,"Sector 49, Gurugram, Haryana 122018, India",The Lilac 1,28.413293499999998,77.051322,"[28.413293499999998,77.051322]"
972,972,"Sector 49, Gurugram, Haryana 122018, India",Vatika Business Park,28.40540889999999,77.0439298,"[28.40540889999999,77.0439298]"
973,973,"Sector 49, Gurugram, Haryana 122018, India",Vatika Business Park,28.40530099999999,77.04372109999998,"[28.40530099999999,77.04372109999998]"
974,974,"Sector 49, Gurugram, Haryana 122018, India",Park View-1 Sohna Road,28.4049816,77.0437865,"[28.4049816,77.0437865]"
983,983,"Sector 50, Gurugram, Haryana, India",St. Xavier`s High School,28.406233899999997,77.05794399999998,"[28.406233899999997,77.05794399999998]"
984,984,"Sector 50, Gurugram, Haryana, India",St. Xavier`s High School,28.406059999999997,77.05811299999998,"[28.406059999999997,77.05811299999998]"
989,989,"Sector 50, Gurugram, Haryana, India",Ntt Data,28.411768900000002,77.0728055,"[28.411768900000002,77.0728055]"
990,990,"Sector 50, Gurugram, Haryana, India",Ntt Data,28.411630300000002,77.07288729999998,"[28.411630300000002,77.07288729999998]"
1020,1020,"Sector 52, Gurugram, Haryana 122003, India",Brig. Osman Chowk,28.4329197,77.09089879999998,"[28.4329197,77.09089879999998]"
1021,1021,"Sector 52, Gurugram, Haryana 122003, India",Brig. Osman Chowk,28.430395,77.091409,"[28.430395,77.091409]"
1024,1024,"Sector 52, Gurugram, Haryana 122003, India",Kendriya Vihar Main Gate,28.428340000000002,77.09117859999998,"[28.428340000000002,77.09117859999998]"
1025,1025,"Sector 52, Gurugram, Haryana 122003, India",Kendriya Vihar Main Gate,28.4283424,77.0913475,"[28.4283424,77.0913475]"
1032,1032,"Sector 52, Gurugram, Haryana 122003, India",Hongkong Bazaar,28.421483600000002,77.09104520000001,"[28.421483600000002,77.09104520000001]"
1037,1037,"Sector 52, Gurugram, Haryana 122003, India",Vatika Business Center,28.439219,77.102561,"[28.439219,77.102561]"
1038,1038,"Sector 52, Gurugram, Haryana 122003, India",Hdfc Bank,28.440897200000002,77.1021614,"[28.440897200000002,77.1021614]"
1039,1039,"Sector 52, Gurugram, Haryana 122003, India",Hdfc Bank (opposite),28.4409673,77.10243840000001,"[28.4409673,77.10243840000001]"
1043,1043,"Sector 53, Gurugram, Haryana 122022, India",Vatika Business Center,28.4399962,77.1029983,"[28.4399962,77.1029983]"
1044,1044,"Sector 53, Gurugram, Haryana 122022, India",Vatika Tower,28.437092,77.10333,"[28.437092,77.10333]"
1045,1045,"Sector 53, Gurugram, Haryana 122022, India",Sector 53/54 Metro Station,28.445378,77.10047399999998,"[28.445378,77.10047399999998]"
1046,1046,"Sector 53, Gurugram, Haryana 122022, India",Aipl Business Centre,28.4460262,77.10034820000001,"[28.4460262,77.10034820000001]"
1049,1049,"Sector 53, Gurugram, Haryana 122022, India",Centrum Plaza,28.4338026,77.10441379999999,"[28.4338026,77.10441379999999]"
1051,1051,"Sector 53, Gurugram, Haryana 122022, India",Centrum Plaza,28.4338169,77.10454899999998,"[28.4338169,77.10454899999998]"
1052,1052,"Sector 53, Gurugram, Haryana 122022, India",Centrum Plaza (drop),28.4338332,77.1048285,"[28.4338332,77.1048285]"
1054,1054,"Sector 53, Gurugram, Haryana 122022, India",Sector 54 Chowk Metro Station,28.433076,77.104484,"[28.433076,77.104484]"
1057,1057,"Sector 53, Gurugram, Haryana 122022, India",Sector 54 Chowk Metro Station,28.432647999999997,77.10529799999998,"[28.432647999999997,77.10529799999998]"
1071,1071,"Sector 54, Gurugram, Haryana, India",Ghata,28.436465000000002,77.122282,"[28.436465000000002,77.122282]"
1072,1072,"Sector 54, Gurugram, Haryana, India",Sector 55/56,28.429009999999998,77.105514,"[28.429009999999998,77.105514]"
1073,1073,"Sector 54, Gurugram, Haryana, India",Ghata,28.436289000000002,77.122877,"[28.436289000000002,77.122877]"
1074,1074,"Sector 54, Gurugram, Haryana, India",Sector 55/56,28.427892,77.10511600000001,"[28.427892,77.10511600000001]"
1079,1079,"Sector 54, Gurugram, Haryana, India",D.L.F. Phase 4,28.447855,77.12231799999998,"[28.447855,77.12231799999998]"
1082,1082,"Sector 55, Gurugram, Haryana, India",Sector 55/56 Metro Station,28.424290999999997,77.105329,"[28.424290999999997,77.105329]"
1083,1083,"Sector 55, Gurugram, Haryana, India",Sector 55/56 Metro Station,28.424021000000003,77.10506199999998,"[28.424021000000003,77.10506199999998]"
1085,1085,"Sector 55, Gurugram, Haryana, India",Rapid Metro Sector 56 Gurgaon,28.423445899999997,77.10530770000001,"[28.423445899999997,77.10530770000001]"
1090,1090,"Sector 55, Gurugram, Haryana, India",Ghata Red Light Golf Course Road,28.4196315,77.10563459999999,"[28.4196315,77.10563459999999]"
1091,1091,"Sector 55, Gurugram, Haryana, India",Golf Course Road Ghata Red Light (drop),28.4194646,77.1056902,"[28.4194646,77.1056902]"
1092,1092,"Sector 55, Gurugram, Haryana, India",Haryana Vidyut Prasaran Nigam,28.419224,77.103978,"[28.419224,77.103978]"
1094,1094,"Sector 55, Gurugram, Haryana, India",Haryana Vidyut Prasaran Nigam,28.418764000000003,77.10351,"[28.418764000000003,77.10351]"
1113,1113,"Sector 56, Gurugram, Haryana, India",Sector 56 Crossing,28.417368699999997,77.0917946,"[28.417368699999997,77.0917946]"
1123,1123,"Sector 57, Gurugram, Haryana, India",Sector 56 Crossing,28.4170277,77.09016799999998,"[28.4170277,77.09016799999998]"
1140,1140,"Sector 58, Gurugram, Haryana, India",Good Earth Business Bay Sec 58 Gurgaon,28.411601899999997,77.1092122,"[28.411601899999997,77.1092122]"
1257,1257,"Sector 63, Gurugram, Haryana 122102, India",Badshahpur,28.389967,77.04963099999998,"[28.389967,77.04963099999998]"
1259,1259,"Sector 63, Gurugram, Haryana 122102, India",Badshahpur,28.391246000000002,77.048903,"[28.391246000000002,77.048903]"
1266,1266,"Sector 64, Gurugram, Haryana 122102, India",Badshahpur More,28.401560999999997,77.04611700000001,"[28.401560999999997,77.04611700000001]"
1267,1267,"Sector 64, Gurugram, Haryana 122102, India",Vatika Mother & AMP / Child Hospital,28.400844,77.044866,"[28.400844,77.044866]"
1268,1268,"Sector 64, Gurugram, Haryana 122102, India",Badshapur Chowk,28.402199,77.04454100000001,"[28.402199,77.04454100000001]"
1269,1269,"Sector 64, Gurugram, Haryana 122102, India",Badshapur Chowk,28.401209100000003,77.04370490000001,"[28.401209100000003,77.04370490000001]"
1279,1279,"Sector 64, Gurugram, Haryana 122102, India",Spaze Palazo,28.40104539999999,77.03901330000002,"[28.40104539999999,77.03901330000002]"
1314,1314,"Badshahpur, Sector 66, Gurugram, Haryana, India",Spaze Palazo,28.401211600000003,77.0388045,"[28.401211600000003,77.0388045]"
1355,1355,"Sector 68, Gurugram, Haryana 122101, India",Aklimpur Bus Stand,28.3620973,77.03719629999998,"[28.3620973,77.03719629999998]"
1427,1427,"Sector 72, Gurugram, Haryana, India",Infosys Office,28.425240999999996,77.028269,"[28.425240999999996,77.028269]"
1428,1428,"Sector 72, Gurugram, Haryana, India",Sector 48 SEZ,28.426298,77.02802,"[28.426298,77.02802]"
1429,1429,"Sector 72, Gurugram, Haryana, India",Candor Techspace,28.426413399999998,77.0280113,"[28.426413399999998,77.0280113]"
1430,1430,"Sector 72, Gurugram, Haryana, India",Sector 48 SEZ,28.42664199999999,77.028131,"[28.42664199999999,77.028131]"
1431,1431,"Sector 72, Gurugram, Haryana, India",Candor Techspace,28.4266257,77.0282313,"[28.4266257,77.0282313]"
1436,1436,"Sector 72, Gurugram, Haryana, India",Aricent Tikri,28.4272845,77.03161740000002,"[28.4272845,77.03161740000002]"
1438,1438,"Sector 72, Gurugram, Haryana, India",Central Park 2,28.4273,77.03179999999998,"[28.4273,77.03179999999998]"
1483,1483,"Darbaripur, Sector 75, Gurugram, Haryana, India",Toll Plaza,28.39772799999999,76.98369609999999,"[28.39772799999999,76.98369609999999]"
1486,1486,"Darbaripur, Sector 75, Gurugram, Haryana, India",Toll Plaza,28.393411800000003,76.98002220000001,"[28.393411800000003,76.98002220000001]"
1490,1490,"Darbaripur, Sector 75, Gurugram, Haryana, India",Vatika India Next Bus Stop,28.386293300000002,76.97265340000001,"[28.386293300000002,76.97265340000001]"
1506,1506,"Sector 76, Gurugram, Haryana 122004, India",Sikohpur Mor Sector 78,28.3840947,76.9703327,"[28.3840947,76.9703327]"
1516,1516,"Sector 76, Gurugram, Haryana 122004, India",Badagaon,28.403962,76.94276099999998,"[28.403962,76.94276099999998]"
1517,1517,"Sector 76, Gurugram, Haryana 122004, India",Badagaon,28.403685999999997,76.942661,"[28.403685999999997,76.942661]"
1519,1519,"Sector 76, Gurugram, Haryana 122004, India",Dwarka Expressway Harsaru Village,28.430324,76.962049,"[28.430324,76.962049]"
1602,1602,"Sector 81, Gurugram, Haryana, India",Main Bus Stand Nawada Fatehpur,28.39486579999999,76.93871259999999,"[28.39486579999999,76.93871259999999]"
1638,1638,"Sector 82, Gurugram, Haryana 122004, India",Badha More,28.412783,76.93415499999998,"[28.412783,76.93415499999998]"
1639,1639,"Sector 82, Gurugram, Haryana 122004, India",Badha More,28.41297699999999,76.93408000000001,"[28.41297699999999,76.93408000000001]"
1659,1659,"Sector 83, Gurugram, Haryana 122004, India",Harsaru,28.428190999999998,76.958084,"[28.428190999999998,76.958084]"
1688,1688,"Sector 85, Gurugram, Haryana 122004, India",Hayatpur,28.417049,76.93400199999998,"[28.417049,76.93400199999998]"
1689,1689,"Sector 85, Gurugram, Haryana 122004, India",Hayatpur,28.417225,76.93408199999998,"[28.417225,76.93408199999998]"
1690,1690,"Sector 85, Gurugram, Haryana 122004, India",Gandhi More,28.427785999999998,76.94984099999998,"[28.427785999999998,76.94984099999998]"
1691,1691,"Sector 85, Gurugram, Haryana 122004, India",Gandhi More,28.427964000000003,76.94998100000001,"[28.427964000000003,76.94998100000001]"
1693,1693,"Sector 85, Gurugram, Haryana 122004, India",Hayatpur More,28.424239,76.934241,"[28.424239,76.934241]"
1694,1694,"Sector 85, Gurugram, Haryana 122004, India",Hayatpur More,28.424311,76.934107,"[28.424311,76.934107]"
1696,1696,"Sector 85, Gurugram, Haryana 122004, India",Harsaru,28.429188,76.959721,"[28.429188,76.959721]"
1745,1745,"Sector 88, Gurugram, Haryana 122004, India",Dwarka Expressway Harsaru Village,28.430863000000002,76.96239200000002,"[28.430863000000002,76.96239200000002]"
1889,1889,"Sector 95, Gurugram, Haryana 122505, India",Saidpur Bus Stand,28.4331852,76.87180260000002,"[28.4331852,76.87180260000002]"
2040,2040,"Sector 103, Gurugram, Haryana 122006, India",Dharampur Bus Stand,28.5129752,76.9767631,"[28.5129752,76.9767631]"
2041,2041,"Sector 103, Gurugram, Haryana 122006, India",Nanak Heri Border,28.514649,76.99238299999998,"[28.514649,76.99238299999998]"
2042,2042,"Sector 103, Gurugram, Haryana 122006, India",Nanak Heri Border,28.514721999999995,76.992379,"[28.514721999999995,76.992379]"
2049,2049,"Sector 103, Gurugram, Haryana 122006, India",Nanak Heri Village,28.520815000000002,76.986103,"[28.520815000000002,76.986103]"
2050,2050,"Sector 103, Gurugram, Haryana 122006, India",Nanakheri Village,28.520947999999997,76.98609300000001,"[28.520947999999997,76.98609300000001]"
2089,2089,"Sector 105, Gurugram, Haryana, India",Blok N Bus Stop,28.5074538,77.01558309999999,"[28.5074538,77.01558309999999]"
2121,2121,"Sector 107, Gurugram, Haryana, India",Jhatikara Village,28.521476,76.965347,"[28.521476,76.965347]"
2122,2122,"Sector 107, Gurugram, Haryana, India",Jhatikara Village,28.521512,76.965227,"[28.521512,76.965227]"
2127,2127,"Sector 107, Gurugram, Haryana, India",Badu Sarai,28.529698,76.98644999999998,"[28.529698,76.98644999999998]"
2128,2128,"Sector 107, Gurugram, Haryana, India",Sikarpur Village,28.529976,76.955236,"[28.529976,76.955236]"
2129,2129,"Sector 107, Gurugram, Haryana, India",Sikarpur Village,28.530053000000002,76.955208,"[28.530053000000002,76.955208]"
2130,2130,"Sector 107, Gurugram, Haryana, India",Badu Sarai,28.534084999999997,76.986565,"[28.534084999999997,76.986565]"
2131,2131,"Sector 107, Gurugram, Haryana, India",Asalatpur Khawad X-Ing,28.538271999999996,76.959739,"[28.538271999999996,76.959739]"
2132,2132,"Sector 107, Gurugram, Haryana, India",Asalatpur Khawad X-Ing,28.538424,76.959746,"[28.538424,76.959746]"
2136,2136,"Sector 107, Gurugram, Haryana, India",Daulatpur X-Ing,28.54385499999999,76.97074599999998,"[28.54385499999999,76.97074599999998]"
2139,2139,"Sector 107, Gurugram, Haryana, India",Daulatpur X-Ing,28.54416299999999,76.97071000000003,"[28.54416299999999,76.97071000000003]"
2152,2152,"Sector 108, Gurugram, Haryana, India",Kangan Heri,28.545268,76.98773899999998,"[28.545268,76.98773899999998]"
2157,2157,"Sector 108, Gurugram, Haryana, India",Kangan Heri,28.548364000000003,76.988794,"[28.548364000000003,76.988794]"
2158,2158,"Sector 108, Gurugram, Haryana, India",Daulatpur School,28.545403000000004,76.965274,"[28.545403000000004,76.965274]"
2159,2159,"Sector 108, Gurugram, Haryana, India",Daulatpur School,28.545578000000003,76.96517399999998,"[28.545578000000003,76.96517399999998]"
2203,2203,"Sector 111, Bajghera, Gurugram, India",Haryana Potteries,28.538102000000002,77.035314,"[28.538102000000002,77.035314]"
2204,2204,"Sector 111, Bajghera, Gurugram, India",Haryana Potteries,28.538224,77.035331,"[28.538224,77.035331]"
2205,2205,"Sector 111, Bajghera, Gurugram, India",Bamnoli X-Ing,28.539040000000004,77.030272,"[28.539040000000004,77.030272]"
2206,2206,"Sector 111, Bajghera, Gurugram, India",Bamnoli X-Ing,28.539203999999998,77.030348,"[28.539203999999998,77.030348]"
2213,2213,"Sector 111, Bajghera, Gurugram, India",Bijwasan Railway X-Ing,28.534354999999998,77.048121,"[28.534354999999998,77.048121]"
2214,2214,"Sector 111, Bajghera, Gurugram, India",Bijwasan Railway X-Ing,28.534436,77.048327,"[28.534436,77.048327]"
2218,2218,"Sector 111, Bajghera, Gurugram, India",Bamnoli More,28.542331,77.029997,"[28.542331,77.029997]"
2219,2219,"Sector 111, Bajghera, Gurugram, India",Bamnoli More,28.542365999999998,77.029883,"[28.542365999999998,77.029883]"
2222,2222,"Sector 112, Bajghera, Gurugram, Haryana 122017, India",Bamnoli Power Station,28.541902,77.018529,"[28.541902,77.018529]"
2223,2223,"Sector 112, Bajghera, Gurugram, Haryana 122017, India",Bamnoli Power Station,28.5421,77.018326,"[28.5421,77.018326]"
2226,2226,"Sector 112, Bajghera, Gurugram, Haryana 122017, India",Toll Tax Post,28.543389,77.012614,"[28.543389,77.012614]"
2227,2227,"Sector 112, Bajghera, Gurugram, Haryana 122017, India",Toll Tax Post,28.54331999999999,77.01231,"[28.54331999999999,77.01231]"
2234,2234,"Sector 112, Bajghera, Gurugram, Haryana 122017, India",BSF Camp Chauraha,28.547725,77.009331,"[28.547725,77.009331]"
2235,2235,"Sector 112, Bajghera, Gurugram, Haryana 122017, India",B.S.F. Camp Chhawla (Family Quarters),28.547871999999998,77.009078,"[28.547871999999998,77.009078]"
2236,2236,"Sector 112, Bajghera, Gurugram, Haryana 122017, India","BSF, ITBP CHHAWLA",28.548173499999997,77.00913369999998,"[28.548173499999997,77.00913369999998]"
2258,2258,"Sector 113, Bajghera, Gurugram, Haryana, India",Bharthal Village (Shyam Mandir),28.542831,77.044084,"[28.542831,77.044084]"
2275,2275,"Sector 114, Bajghera, Gurugram, Haryana, India",B.S.F. Camp Chhawla,28.554212,77.00640200000001,"[28.554212,77.00640200000001]"
2276,2276,"Sector 114, Bajghera, Gurugram, Haryana, India",B.S.F. Camp Chhawla,28.554254999999998,77.00626120000001,"[28.554254999999998,77.00626120000001]"
2292,2292,"Sec 115, Bajghera, Gurugram, Haryana, India",Government Boys Senior Secondary School,28.553614000000003,76.992902,"[28.553614000000003,76.992902]"
2293,2293,"Sec 115, Bajghera, Gurugram, Haryana, India",Government Boys Senior Secondary School,28.553569,76.992745,"[28.553569,76.992745]"
2295,2295,"Sec 115, Bajghera, Gurugram, Haryana, India",Samas Pur Khalsa,28.5579296,77.0042843,"[28.5579296,77.0042843]"
2296,2296,"Sec 115, Bajghera, Gurugram, Haryana, India",Chhawla Village Shamash Vihar,28.557962899999996,77.00442190000001,"[28.557962899999996,77.00442190000001]"
2297,2297,"Sec 115, Bajghera, Gurugram, Haryana, India",Chhawla Village Shamash Vihar,28.558075,77.004126,"[28.558075,77.004126]"
